OP,A1,A2,A3,A4,A5,A6,A7,A8,A9,A10
+,102,758,635,858,889,699,154,19,527,192
+,264,520,74,272,712,662,469,182,246,688
+,630,898,157,276,848,665,854,149,833,571
+,479,923,685,107,243,635,546,66,806,471
+,219,83,600,806,849,786,124,272,101,874
+,440,749,649,822,348,218,534,270,422,984
+,672,787,298,813,196,203,468,997,428,666
+,719,990,819,71,959,298,291,658,575,16
+,209,862,715,208,159,711,287,972,853,953
+,640,460,335,641,106,251,741,293,612,629
+,336,270,340,56,844,534,989,948,874,296
+,937,682,528,488,197,472,363,507,688,887
+,593,302,169,438,487,7,558,287,143,863
+,958,331,949,890,965,761,292,743,817,404
+,732,323,356,992,182,163,98,138,134,189
+,861,370,50,101,594,971,770,180,786,354
+,957,161,636,951,736,206,784,917,154,403
+,39,817,508,451,540,378,951,121,554,58
+,216,489,170,429,228,288,844,844,100,535
+,752,525,376,168,191,315,179,728,549,945
+,873,98,444,85,988,651,170,746,531,278
+,296,305,170,568,752,537,171,687,135,221
+,374,645,601,355,199,478,624,548,216,346
+,850,649,476,591,980,527,888,339,300,742
+,765,899,16,474,271,318,632,614,893,418
+,28,439,117,705,136,935,708,639,93,40
+,814,564,471,968,729,568,663,903,80,671
+,127,790,567,530,778,829,773,327,504,949
+,290,276,79,663,381,857,705,114,231,104
+,688,778,761,569,363,779,390,663,275,164
+,896,111,437,718,312,45,444,977,308,495
+,771,549,429,976,990,59,721,10,339,513
+,124,360,920,781,432,822,747,148,575,390
+,899,569,591,95,171,410,218,511,692,361
+,617,127,496,722,928,760,153,880,518,384
+,496,383,113,585,294,155,60,827,125,156
+,556,618,489,297,6,273,44,551,874,634
+,768,645,391,534,13,742,116,893,851,357
+,12,981,857,547,896,742,769,470,165,742
+,858,175,648,941,203,811,472,488,775,259
+,764,842,56,508,829,401,919,553,946,725
+,573,543,228,726,38,566,990,370,580,603
+,929,287,613,688,443,382,744,499,874,613
+,921,961,478,907,141,655,347,417,227,315
+,812,862,5,927,279,62,24,338,725,115
+,84,354,970,386,858,186,377,27,708,143
+,237,440,431,376,659,723,810,710,84,201
+,712,201,274,469,61,815,455,988,523,763
+,716,228,358,668,530,569,173,699,728,848
+,293,703,107,472,121,468,415,747,648,859
+,277,212,182,171,23,180,383,60,230,97
+,876,286,51,424,724,539,453,215,654,699
+,585,179,857,304,883,728,674,659,873,825
+,727,366,357,536,641,127,514,114,553,36
+,488,427,970,545,865,964,874,405,326,995
+,198,363,741,665,999,492,745,826,528,364
+,773,399,335,755,129,499,157,862,968,53
+,715,409,556,516,945,873,178,799,586,194
+,116,92,610,406,380,504,835,436,454,81
+,683,57,945,245,746,556,991,9,565,233
+,360,333,636,961,163,580,393,913,495,835
+,358,125,632,192,171,903,434,394,384,670
+,259,493,88,100,351,847,932,801,409,233
+,647,134,156,67,823,708,121,463,921,890
+,280,532,171,665,289,212,499,174,19,248
+,139,442,54,117,896,67,18,218,706,833
+,880,272,815,307,888,527,813,889,384,817
+,685,474,46,716,626,427,319,887,498,503
+,314,948,94,76,489,656,417,622,125,765
+,734,206,517,317,565,470,27,901,324,339
+,59,764,495,119,238,739,172,431,138,785
+,121,950,869,429,798,809,454,9,114,979
+,800,593,103,252,28,594,511,716,518,980
+,137,891,782,526,276,989,153,898,470,724
+,535,625,702,806,942,558,680,854,782,850
+,990,988,461,325,122,820,373,914,332,175
+,282,811,981,620,602,15,171,434,585,685
+,815,782,229,574,665,769,915,947,141,271
+,699,823,673,190,713,192,151,965,308,998
+,266,585,835,993,464,893,382,329,179,69
+,292,187,308,453,551,529,96,911,803,779
+,378,635,959,166,584,948,868,512,417,807
+,887,235,131,687,102,943,434,558,42,351
+,323,12,471,241,509,556,648,137,360,698
+,19,830,188,761,926,18,229,24,606,196
+,625,971,212,167,359,260,274,873,477,919
+,383,435,105,416,134,15,796,956,593,263
+,596,345,998,596,594,987,43,77,305,304
+,932,154,551,798,207,393,840,747,20,647
+,511,690,146,781,345,367,305,631,17,181
+,895,640,57,864,720,793,268,376,364,63
+,679,522,137,102,835,749,283,390,478,993
+,864,445,182,659,604,891,428,230,735,6
+,941,655,159,508,301,120,8,486,278,699
+,790,994,80,456,688,142,328,420,442,183
+,68,733,462,36,576,326,328,798,795,871
+,156,620,194,745,151,712,258,495,274,671
+,819,846,147,542,255,974,143,224,435,103
+,783,765,780,126,855,549,341,325,602,9
+,424,727,229,678,117,31,913,552,607,971
+,138,436,790,835,762,21,30,614,678,465
+,213,349,409,708,42,165,169,428,258,526
+,142,553,530,883,515,67,617,831,839,402
+,131,287,595,374,270,609,988,760,420,529
+,542,868,634,120,793,851,229,416,489,882
+,780,987,737,519,340,410,497,847,634,271
+,870,171,9,704,98,783,939,861,749,715
+,869,649,710,778,380,713,932,887,677,422
+,686,854,118,358,19,969,933,351,494,189
+,492,156,442,358,224,991,998,432,165,326
+,879,879,312,332,594,815,109,820,454,16
+,473,209,14,898,150,234,76,415,476,621
+,840,65,274,925,585,959,987,450,420,570
+,172,92,88,351,237,909,698,359,922,496
+,820,249,70,834,687,700,771,64,778,744
+,886,684,224,629,185,666,678,785,474,289
+,606,868,380,442,573,174,218,34,583,706
+,653,504,658,798,495,636,650,493,737,713
+,451,964,1,289,299,71,188,404,378,440
+,221,442,13,474,877,973,921,126,252,506
+,223,729,137,4,586,281,490,872,102,527
+,821,364,192,694,250,839,595,522,525,170
+,798,834,349,353,935,686,520,563,879,614
+,875,334,24,276,875,649,715,957,349,332
+,295,540,119,585,261,951,915,369,798,257
+,544,993,64,908,360,535,214,387,362,474
+,892,321,455,863,989,690,293,606,47,962
+,614,575,724,384,197,194,643,720,514,280
+,813,318,606,235,67,714,933,904,165,363
+,750,978,561,825,497,605,784,232,845,674
+,963,356,576,953,155,488,17,998,698,320
+,480,209,266,750,200,574,827,783,424,574
+,271,555,19,489,722,874,592,696,600,977
+,147,418,732,295,902,121,943,806,353,627
+,940,588,140,229,686,697,773,560,451,620
+,797,491,714,413,796,378,807,600,944,991
+,684,574,225,132,557,932,264,933,330,758
+,945,207,6,978,220,863,545,744,947,518
+,597,78,258,722,958,202,544,898,737,455
+,477,640,544,738,180,860,170,205,839,776
+,645,263,322,745,481,689,400,554,736,54
+,897,383,478,13,880,738,944,435,413,765
+,611,936,565,546,644,407,500,640,758,254
+,9,818,217,109,476,528,413,821,518,819
+,807,831,204,67,923,876,561,669,229,308
+,63,421,246,919,82,793,412,502,172,730
+,626,359,291,125,1000,973,169,826,398,74
+,825,197,245,825,390,931,235,141,730,956
+,186,689,304,421,967,846,658,952,424,278
+,281,749,249,47,213,147,958,112,924,405
+,53,77,515,309,528,280,798,237,254,448
+,563,680,52,53,335,424,590,243,361,859
+,769,516,827,985,242,638,525,817,201,802
+,108,233,977,561,407,170,304,239,27,920
+,678,247,741,524,687,65,938,877,66,816
+,387,83,762,193,747,13,604,834,127,233
+,225,945,301,511,135,856,819,711,802,986
+,409,235,210,709,549,936,131,462,381,815
+,309,319,807,486,561,137,357,492,786,431
+,709,47,300,137,838,764,985,322,401,631
+,586,38,580,124,139,364,888,289,835,623
+,994,614,256,383,586,291,850,158,861,217
+,722,390,188,570,270,355,44,724,840,963
+,944,410,210,533,273,279,43,932,737,164
+,303,635,71,449,308,899,524,180,514,855
+,171,958,661,348,211,972,152,991,769,228
+,701,117,648,350,983,150,650,273,77,422
+,763,220,37,304,148,637,238,771,27,368
+,600,497,29,691,895,402,588,651,834,262
+,80,628,927,847,991,478,314,88,807,161
+,230,375,367,876,460,695,669,521,168,512
+,656,893,486,43,322,871,240,928,675,765
+,322,648,968,134,228,638,835,274,65,797
+,599,764,509,496,934,362,561,943,328,257
+,506,492,6,576,923,348,240,786,106,823
+,743,871,910,145,208,491,324,482,231,912
+,233,959,236,62,850,730,533,122,400,121
+,476,618,174,744,484,513,29,991,366,337
+,793,750,965,138,845,454,710,797,221,499
+,441,943,394,929,498,21,59,505,250,575
+,420,800,199,239,691,745,426,21,50,633
+,903,478,338,337,628,213,27,703,158,68
+,836,28,448,562,106,904,927,94,932,571
+,894,66,572,468,170,991,406,670,102,569
+,649,808,666,86,193,49,486,550,130,240
+,859,177,113,927,26,149,386,924,37,728
+,517,419,802,619,155,432,947,796,618,532
+,362,38,349,8,821,409,587,835,901,707
+,386,823,336,846,79,343,173,114,269,188
+,149,448,969,516,945,813,563,928,354,769
+,462,938,145,655,632,92,920,372,946,598
+,547,518,118,843,454,465,697,287,817,215
+,244,861,738,546,750,829,416,557,117,968
+,668,81,617,529,582,354,520,901,994,504
+,761,918,451,130,157,461,11,815,560,695
+,278,262,770,735,810,2,934,96,476,373
+,112,906,796,801,368,304,61,483,350,61
+,3,759,854,412,310,563,462,63,380,910
+,756,765,200,655,171,730,382,750,233,99
+,907,859,809,311,106,25,54,669,657,721
+,408,355,520,901,472,173,307,14,611,141
+,414,761,136,693,404,949,975,76,840,641
+,671,285,937,141,326,226,537,772,42,911
+,461,182,230,909,94,855,838,942,218,753
+,520,544,726,960,285,94,696,863,177,766
+,208,987,835,759,126,950,434,632,682,622
+,248,81,483,908,107,22,827,272,532,376
+,58,766,172,648,996,468,472,322,445,305
+,960,439,694,797,613,211,531,399,309,752
+,594,296,521,42,856,44,746,680,390,967
+,711,666,214,949,416,302,193,918,429,972
+,950,198,37,692,750,647,491,284,41,707
+,831,441,92,632,436,343,922,739,696,489
+,728,934,833,550,556,495,539,12,984,205
+,289,379,402,337,467,225,750,148,807,231
+,572,941,97,706,515,461,176,802,986,522
+,933,551,993,160,422,216,835,615,645,76
+,457,264,455,587,544,711,897,454,874,63
+,748,136,179,914,699,981,861,251,753,779
+,54,995,652,938,697,742,337,747,912,932
+,411,616,123,600,189,221,279,252,177,587
+,380,724,748,140,633,918,844,128,246,214
+,902,403,911,244,328,20,609,578,776,555
+,365,335,694,310,749,703,761,972,571,398
+,294,900,776,894,319,934,180,864,332,729
+,673,64,391,874,553,32,840,103,888,65
+,144,162,292,655,870,684,828,971,982,260
+,425,387,17,133,329,589,835,331,990,135
+,154,673,871,575,818,962,508,474,890,750
+,89,613,563,182,82,995,168,288,257,726
+,532,962,542,453,829,868,492,57,452,554
+,510,534,407,784,897,624,656,141,705,345
+,980,928,497,402,73,171,39,351,498,480
+,325,198,79,31,640,903,870,489,954,71
+,349,679,526,934,83,919,104,561,173,382
+,464,132,890,36,517,327,219,418,313,548
+,916,555,80,495,15,156,121,320,374,635
+,663,753,36,222,47,699,749,300,899,801
+,229,507,528,18,928,307,404,17,199,386
+,577,748,804,539,422,49,472,786,745,240
+,951,30,556,30,614,683,424,28,160,330
+,435,589,182,878,952,948,844,944,976,551
+,643,947,674,560,590,26,288,621,107,656
+,470,320,47,369,48,295,807,231,585,326
+,190,540,118,645,440,77,327,963,869,82
+,231,780,404,951,700,471,901,391,177,667
+,835,692,269,622,117,368,113,913,326,544
+,516,135,439,88,544,920,168,192,515,502
+,381,626,459,423,524,523,685,328,687,871
+,77,417,504,179,717,556,566,241,625,88
+,675,393,937,590,239,31,431,581,776,277
+,85,439,397,119,923,799,697,123,751,908
+,866,806,520,825,881,952,0,739,955,14
+,976,808,64,785,914,959,651,382,869,15
+,427,140,698,33,535,503,940,244,221,821
+,236,13,948,81,134,463,451,495,896,349
+,857,221,601,522,231,30,778,680,298,400
+,431,483,704,445,287,499,371,43,918,94
+,389,1000,399,415,575,721,210,748,501,376
+,10,49,29,654,191,702,518,517,354,979
+,29,977,636,40,673,349,598,43,83,430
+,337,626,418,434,706,262,997,778,440,139
+,917,915,617,618,35,964,863,504,604,12
+,725,97,894,423,434,122,717,58,513,544
+,456,550,365,111,383,606,933,121,961,671
+,442,702,811,893,254,648,99,371,202,618
+,974,389,993,606,516,852,90,769,378,554
+,486,411,568,738,397,109,522,193,989,149
+,635,207,969,702,72,907,440,65,916,821
+,760,823,28,363,401,680,759,660,26,652
+,613,491,589,682,133,171,233,433,634,66
+,36,584,774,420,449,366,493,355,289,141
+,854,260,644,853,777,534,142,297,352,227
+,996,766,278,328,385,274,924,901,824,72
+,107,634,237,531,71,874,902,433,566,317
+,346,485,440,274,213,147,291,191,504,441
+,729,821,127,773,427,435,631,120,816,798
+,786,500,552,47,519,737,302,156,432,291
+,341,947,735,705,431,97,971,202,836,560
+,452,980,160,444,80,663,892,222,396,706
+,986,681,5,832,900,142,888,32,758,163
+,140,416,969,374,865,274,332,836,855,112
+,791,475,571,607,495,595,226,517,752,981
+,283,352,183,784,37,561,995,393,685,780
+,239,18,267,339,291,494,457,9,595,381
+,372,601,482,810,77,433,972,472,242,387
+,920,607,255,989,344,475,592,795,393,435
+,633,877,973,947,445,81,491,585,755,606
+,188,182,732,556,711,943,378,790,169,328
+,400,104,1000,333,769,535,903,353,849,732
+,141,668,535,856,25,652,590,418,430,811
+,467,325,927,464,104,102,817,194,246,536
+,591,207,388,239,89,443,985,627,287,320
+,76,895,746,242,290,828,215,39,728,119
+,153,552,191,827,645,445,792,184,40,497
+,202,166,7,739,85,750,1,75,192,583
+,128,238,189,944,612,448,256,488,12,942
+,197,487,55,619,600,880,895,582,110,281
+,354,301,259,299,646,651,372,613,748,995
+,7,326,776,814,610,171,886,239,116,422
+,962,228,96,367,977,364,38,655,132,133
+,210,586,914,642,797,530,137,246,593,369
+,507,239,476,355,879,161,993,201,335,62
+,608,575,769,205,255,371,214,56,669,949
+,243,957,483,221,453,572,271,277,192,4
+,302,761,691,168,512,471,333,275,237,233
+,758,556,60,64,175,397,22,855,20,306
+,603,139,873,638,931,965,678,132,693,26
+,446,406,211,74,424,842,801,353,493,302
+,636,887,409,273,355,800,167,291,536,824
+,90,322,990,778,414,77,790,599,726,312
+,526,686,23,1000,446,221,491,636,322,289
+,410,368,381,607,659,23,648,183,440,806
+,31,352,612,973,673,714,467,853,146,992
+,905,220,243,490,260,972,26,584,304,181
+,751,412,657,689,82,866,353,191,83,679
+,881,41,914,669,850,904,259,200,19,977
+,183,819,141,32,628,271,9,779,862,375
+,660,512,405,758,454,527,863,796,496,90
+,584,520,780,393,381,628,83,816,143,232
+,583,765,856,697,394,732,373,539,570,4
+,74,163,912,803,482,639,14,801,634,412
+,624,14,626,635,638,704,419,879,329,836
+,232,289,785,110,190,551,521,890,300,941
+,93,874,498,468,980,261,81,700,427,32
+,804,789,436,893,572,885,441,244,6,217
+,478,703,31,582,337,519,338,963,873,837
+,855,699,982,453,337,522,142,816,814,990
+,340,190,247,254,644,719,260,911,852,908
+,767,892,67,631,516,534,30,18,154,741
+,398,697,409,70,37,748,413,92,659,276
+,361,130,245,221,998,563,299,119,645,622
+,406,604,858,314,222,696,519,405,614,487
+,117,692,716,309,144,813,506,320,875,32
+,285,551,227,292,539,154,627,444,421,161
+,146,967,768,267,49,224,358,377,322,753
+,700,136,602,866,597,704,362,824,614,560
+,375,74,650,846,911,507,80,967,594,725
+,189,173,970,2,461,681,437,154,472,70
+,82,730,278,652,556,953,992,57,709,785
+,275,469,112,214,327,875,776,349,79,264
+,199,265,79,329,685,513,325,788,31,151
+,250,522,234,859,587,108,540,235,122,244
+,718,50,281,197,800,951,8,807,526,437
+,642,802,212,16,189,864,735,703,696,453
+,62,991,315,445,326,441,366,418,850,363
+,397,410,469,508,574,671,499,909,559,490
+,460,920,836,615,686,170,206,456,370,342
+,17,957,441,655,218,98,93,312,38,799
+,320,698,548,18,381,784,517,443,965,507
+,936,213,239,448,373,280,466,817,194,938
+,60,94,310,413,138,820,944,379,367,261
+,528,65,274,393,696,438,544,909,470,387
+,731,30,946,459,653,130,123,782,979,273
+,274,264,234,766,135,646,839,486,34,180
+,581,405,276,732,340,975,391,118,158,281
+,571,276,877,624,982,716,730,692,31,45
+,502,760,341,377,36,567,889,690,247,330
+,455,699,146,226,938,920,200,337,648,486
+,551,351,666,58,399,885,57,50,987,368
+,867,653,264,949,304,567,653,240,949,873
+,968,669,333,983,415,555,195,874,87,110
+,134,207,986,537,471,1,339,930,196,400
+,423,138,254,204,779,496,830,861,754,394
+,503,73,345,424,398,189,768,800,142,385
+,100,837,265,343,698,200,226,618,971,652
+,890,174,86,755,501,413,783,989,118,822
+,327,990,478,841,781,550,844,753,932,566
+,704,154,967,617,548,400,851,188,883,907
+,466,727,469,81,38,129,325,547,1,645
+,534,243,369,945,524,39,470,566,86,474
+,71,182,94,919,572,747,690,144,975,978
+,56,975,664,570,366,467,856,747,324,220
+,67,543,20,835,539,818,680,933,623,154
+,257,31,170,608,957,233,569,620,58,350
+,757,47,19,236,85,207,451,646,42,518
+,459,746,444,528,425,447,845,230,944,475
+,590,349,111,250,338,820,208,732,255,132
+,443,827,342,30,883,840,595,631,258,651
+,670,709,527,117,689,827,156,726,474,246
+,632,230,599,196,3,664,281,928,722,999
+,481,650,513,62,383,296,594,495,795,16
+,40,337,964,912,772,490,798,498,553,287
+,777,702,11,47,558,760,168,153,663,838
+,316,656,888,618,830,422,266,554,734,497
+,66,430,219,226,483,179,382,507,891,211
+,787,527,574,856,452,242,368,725,778,180
+,746,799,361,931,527,941,947,402,659,970
+,355,932,163,880,771,692,326,75,309,428
+,161,99,183,103,348,580,781,741,136,196
+,644,383,919,616,365,817,702,166,722,901
+,811,48,917,144,477,374,880,617,512,85
+,587,861,897,213,570,461,479,904,422,429
+,736,559,398,165,296,30,856,91,566,539
+,469,950,710,935,201,606,500,730,141,287
+,430,365,221,611,36,295,417,753,69,411
+,631,202,423,568,519,392,910,587,608,400
+,366,76,902,863,271,678,62,20,605,695
+,810,969,526,161,213,750,34,460,488,547
+,14,742,846,667,980,691,206,157,701,729
+,160,968,213,890,695,412,119,809,577,370
+,4,382,887,391,506,30,25,323,238,593
+,363,498,903,550,608,472,581,328,154,276
+,371,749,298,809,207,793,437,598,152,797
+,145,583,596,239,29,522,45,132,805,772
+,689,106,176,153,775,940,733,450,172,41
+,922,884,759,113,746,630,960,231,562,408
+,286,559,733,472,654,796,505,816,896,569
+,558,386,555,343,944,876,18,34,855,46
+,222,148,719,518,938,846,874,7,272,610
+,393,515,34,698,318,294,478,664,923,365
+,175,70,58,231,831,512,684,112,218,840
+,823,865,469,546,727,508,149,684,560,274
+,514,985,909,991,998,393,124,189,155,616
+,822,486,734,320,270,412,202,370,701,791
+,176,819,258,895,559,588,476,383,967,508
+,217,985,866,279,1000,498,129,28,219,778
+,721,475,173,105,933,907,277,218,642,849
+,661,737,316,753,796,83,138,225,648,324
+,228,967,786,428,746,729,568,79,410,85
+,662,183,14,683,794,263,71,632,238,958
+,884,848,859,555,534,471,707,623,897,18
+,267,656,363,659,998,126,902,40,0,502
+,738,316,520,947,329,808,552,758,713,226
+,834,995,103,974,194,461,777,270,812,673
+,749,848,97,56,442,703,888,972,584,732
+,485,970,37,611,325,182,223,586,607,570
+,947,198,922,616,893,921,31,262,716,988
+,300,38,589,889,146,436,89,205,228,766
+,775,164,370,109,65,909,500,939,983,202
+,698,358,960,983,498,492,537,784,977,345
+,367,56,252,455,467,778,861,493,634,157
+,852,607,963,474,632,188,624,539,925,280
+,94,747,226,28,683,901,550,851,379,598
+,306,84,485,123,678,279,86,964,801,750
+,412,413,704,320,611,924,38,597,316,258
+,985,593,76,94,973,918,882,568,269,795
+,70,19,109,949,692,605,484,390,124,250
+,803,13,634,390,419,583,559,398,0,209
+,211,281,822,462,127,639,237,971,434,44
+,458,820,300,139,589,71,659,854,940,631
+,737,529,207,610,675,159,43,722,522,688
+,969,527,877,881,506,703,968,517,616,72
+,900,14,59,705,792,395,809,458,24,267
+,560,552,513,648,277,745,238,458,424,655
+,754,614,466,877,369,367,550,643,723,508
+,317,357,882,271,544,108,917,796,545,636
+,574,243,887,537,638,296,868,900,237,659
+,373,565,873,183,810,7,53,630,682,573
+,588,318,842,977,630,574,929,894,123,208
+,51,141,548,440,348,964,377,151,534,631
+,65,924,612,840,598,561,694,653,836,133
+,982,471,347,346,956,597,166,701,348,497
+,546,121,589,706,94,268,46,284,446,636
+,634,1,35,336,332,32,419,391,388,543
+,215,87,835,981,648,472,571,655,153,903
+,47,122,440,524,498,914,58,178,949,685
+,382,846,372,244,41,782,512,378,371,955
+,995,265,113,966,243,373,986,84,808,743
+,605,607,964,997,110,583,710,329,662,24
+,26,798,420,819,408,466,327,157,869,25
+,335,572,424,32,283,146,995,325,213,941
+,370,575,645,921,349,563,818,62,426,720
+,321,742,833,209,273,766,248,924,719,885
+,495,908,768,908,733,619,147,627,615,663
+,196,36,424,4,99,424,541,725,103,886
+,872,488,293,656,77,915,918,812,439,627
+,449,6,212,91,796,923,390,477,970,817
+,848,189,74,969,848,1,723,327,459,708
+,733,808,932,135,697,593,894,229,910,615
+,364,551,64,785,3,309,667,24,743,228
+,841,241,769,265,98,124,42,516,933,740
+,475,629,402,799,930,615,562,127,523,529
+,73,336,448,82,918,10,873,772,352,351
+,87,324,142,4,801,571,430,590,165,627
+,796,778,122,779,983,447,148,180,822,564
+,143,74,477,232,779,73,619,619,709,843
+,351,937,464,923,773,812,169,28,501,774
+,126,113,700,111,844,962,835,909,569,77
+,338,514,458,929,8,563,986,324,751,519
+,949,787,865,517,387,342,955,137,87,816
+,352,620,109,10,474,867,229,739,727,171
+,434,30,366,798,595,621,611,299,532,683
+,637,229,72,859,198,711,767,415,948,224
+,416,689,609,594,445,636,292,727,191,249
+,766,427,266,829,155,742,435,922,522,773
+,426,749,173,775,958,748,144,629,496,975
+,388,276,818,935,712,361,631,978,695,385
+,659,924,996,620,260,679,761,702,549,367
+,246,871,255,304,932,61,911,683,650,429
+,705,460,287,423,435,145,36,155,833,705
+,342,98,614,362,461,316,846,591,936,208
+,826,781,110,989,784,413,47,192,434,599
+,983,314,449,783,599,138,737,382,950,287
+,817,538,47,31,638,306,376,482,569,920
+,357,438,996,458,311,64,64,931,486,24
+,191,352,255,791,56,445,832,142,205,300
+,828,671,83,624,87,378,223,319,24,504
+,444,367,794,529,911,426,645,680,455,546
+,132,483,376,395,462,722,553,252,183,0
+,83,605,594,217,143,679,529,660,314,444
+,234,239,20,565,535,434,284,620,666,343
+,195,343,927,787,416,77,4,420,17,107
+,602,372,749,150,115,423,567,109,825,13
+,638,415,322,926,486,469,482,271,74,189
+,943,618,799,780,714,711,958,321,899,64
+,789,213,120,883,84,581,896,660,622,212
+,182,172,166,417,718,76,386,519,269,754
+,115,842,134,881,606,920,814,864,393,813
+,99,875,418,462,180,384,7,911,689,230
+,862,444,491,674,959,994,458,304,945,193
+,622,154,927,835,56,114,745,92,885,310
+,555,497,88,973,622,287,541,122,40,793
+,15,384,16,235,242,853,534,162,402,313
+,356,677,795,777,629,184,318,687,325,115
+,508,400,777,915,907,748,467,586,368,765
+,690,62,273,786,951,432,933,29,627,386
+,954,487,422,584,11,525,133,36,239,775
+,42,93,914,71,335,124,339,959,856,251
+,723,675,349,976,491,701,635,454,424,666
+,541,517,566,329,245,334,160,638,253,966
+,805,457,230,300,306,538,55,475,871,531
+,576,551,472,633,489,593,69,428,200,378
+,566,877,279,256,52,203,506,505,38,510
+,984,211,892,967,556,463,243,362,863,862
+,403,982,891,961,420,922,453,253,586,179
+,61,280,614,684,574,95,404,924,530,169
+,964,933,472,157,868,670,903,691,647,820
+,739,973,737,292,49,991,824,970,514,511
+,575,454,640,634,966,270,241,468,305,631
+,253,415,89,896,290,104,611,93,351,691
+,953,202,170,576,132,32,683,155,414,449
+,394,894,192,960,947,51,365,640,847,310
+,931,951,923,934,765,696,387,918,414,322
+,515,663,345,684,117,844,118,416,810,566
+,417,629,615,308,56,351,305,667,827,205
+,78,823,677,599,169,591,157,455,340,640
+,284,212,52,572,745,33,231,673,669,556
+,308,830,60,854,494,349,617,866,818,26
+,44,218,271,504,680,303,6,363,440,395
+,328,976,31,712,979,339,642,113,913,204
+,926,978,452,376,511,972,353,89,539,116
+,730,541,583,83,349,195,593,723,236,387
+,565,618,886,413,153,419,289,799,983,175
+,910,83,995,644,847,587,884,944,548,791
+,164,70,513,808,262,926,673,715,748,787
+,564,281,256,480,990,714,888,402,485,994
+,22,304,419,412,352,144,892,263,207,207
+,235,280,551,38,464,265,810,447,315,755
+,570,723,287,763,558,181,933,109,268,845
+,287,60,513,244,706,396,888,881,404,424
+,151,570,5,110,8,562,109,496,528,735
+,667,110,461,594,234,642,952,864,636,558
+,376,256,571,484,158,350,104,277,680,572
+,136,262,382,829,287,76,6,208,802,99
+,114,960,988,708,801,452,685,188,893,958
+,691,177,316,133,880,690,829,346,20,681
+,46,285,746,328,375,398,548,172,276,986
+,273,573,260,125,604,496,349,176,283,935
+,6,622,758,544,430,592,819,875,803,873
+,794,333,110,739,482,366,285,992,582,760
+,669,707,320,499,960,828,946,373,10,703
+,657,333,860,522,244,455,957,37,840,903
+,519,149,940,604,757,357,709,251,2,492
+,554,177,793,964,623,523,82,566,848,757
+,122,327,126,395,576,892,268,660,460,715
+,30,571,157,860,464,997,853,728,810,31
+,23,270,258,89,67,559,238,142,331,609
+,735,31,86,123,511,976,661,672,295,649
+,312,216,719,418,0,133,674,825,17,328
+,523,148,991,129,135,488,241,652,190,556
+,499,916,454,227,1,375,109,535,517,890
+,453,818,934,908,119,774,346,122,719,736
+,533,502,823,981,228,174,47,334,470,36
+,924,483,456,199,908,985,36,915,339,439
+,396,396,458,317,958,557,713,120,799,533
+,270,653,442,645,572,221,161,643,250,959
+,545,120,763,77,212,249,645,217,751,104
+,339,105,395,805,71,307,561,460,440,495
+,120,312,909,595,786,248,260,759,345,374
+,697,676,532,142,435,492,501,246,79,143
+,619,516,915,956,763,790,312,298,457,431
+,276,917,389,698,768,247,616,503,585,978
+,269,379,493,33,907,413,349,884,536,273
+,772,937,862,361,164,533,545,210,970,391
+,567,335,87,896,483,851,340,84,225,470
+,664,352,64,441,555,960,660,680,259,424
+,200,260,671,639,211,509,925,213,390,619
+,272,168,628,421,41,663,980,33,527,174
+,552,544,716,125,999,356,940,225,131,167
+,155,536,713,608,577,479,300,652,823,769
+,97,398,81,100,281,901,276,522,953,469
+,193,967,287,33,446,830,600,665,49,695
+,942,484,638,692,886,627,978,870,487,303
+,173,246,55,423,248,20,742,609,794,568
+,133,376,611,627,455,962,322,700,362,388
+,627,969,224,110,771,24,199,900,617,881
+,882,520,30,19,76,621,695,347,32,768
+,997,911,232,919,947,861,649,807,373,907
+,919,573,93,371,851,496,17,960,647,62
+,113,254,370,251,772,143,87,332,313,340
+,98,649,49,961,995,84,412,882,617,937
+,75,75,63,584,380,817,249,11,185,659
+,726,784,341,907,791,278,788,394,553,181
+,105,751,927,664,24,922,366,476,99,591
+,204,655,881,469,57,505,741,167,901,186
+,57,130,539,29,404,419,191,738,873,527
+,158,671,373,404,746,410,535,432,80,300
+,724,52,952,263,308,846,318,380,979,554
+,415,874,276,678,710,647,851,525,525,936
+,607,159,831,569,865,23,821,101,446,819
+,677,857,66,635,170,467,464,952,33,343
+,762,699,332,764,201,338,205,866,508,589
+,170,566,786,16,125,209,853,892,700,468
+,713,110,705,762,921,788,673,888,56,400
+,359,828,719,93,520,984,448,785,759,841
+,422,707,357,43,681,990,714,136,628,93
+,33,251,676,289,714,157,30,374,216,254
+,616,596,193,419,630,925,914,630,234,96
+,299,975,886,208,855,476,3,11,582,918
+,252,738,239,144,497,322,708,355,637,768
+,979,760,19,296,515,377,458,887,507,982
+,168,97,347,749,768,746,784,92,116,800
+,827,383,866,751,937,759,815,168,103,456
+,291,304,761,289,276,228,149,368,118,935
+,55,510,872,145,451,73,754,630,812,674
+,846,98,251,739,118,428,103,585,608,271
+,493,848,674,360,311,196,173,121,941,584
+,782,672,506,905,672,624,230,647,166,309
+,279,684,437,43,393,79,470,267,590,502
+,824,232,224,264,770,69,800,562,773,988
+,620,241,742,703,631,174,85,354,798,528
+,50,16,587,949,372,447,349,559,840,338
+,578,692,634,783,456,162,170,586,622,261
+,914,732,331,979,811,94,847,679,494,325
+,482,327,445,514,707,557,817,112,838,702
+,923,491,273,737,724,511,935,851,355,136
+,261,440,768,318,297,491,768,498,778,306
+,908,549,386,770,37,157,756,520,905,348
+,568,758,213,886,276,694,561,350,186,440
+,43,46,653,827,955,235,482,189,862,923
+,332,165,680,874,363,690,644,422,1000,277
+,167,644,606,816,609,85,389,439,637,287
+,809,760,771,413,566,672,649,40,647,351
+,428,444,782,797,821,599,233,18,855,286
+,27,410,118,203,309,638,160,522,700,997
+,385,318,395,953,998,116,470,899,291,21
+,792,189,186,9,223,987,18,47,341,471
+,16,548,723,710,430,350,451,23,195,186
+,86,565,351,46,393,627,210,621,999,826
+,561,96,33,39,818,39,449,10,486,143
+,818,805,187,466,883,928,274,582,601,373
+,925,431,3,629,963,701,173,55,180,886
+,218,650,619,780,826,311,627,970,918,473
+,490,388,373,695,783,600,890,437,493,580
+,595,195,288,383,447,683,322,395,956,188
+,304,224,86,842,424,855,750,438,507,544
+,946,958,657,543,53,10,893,677,995,400
+,88,25,161,725,575,550,799,261,211,690
+,981,130,537,63,784,907,748,536,889,803
+,930,385,592,32,670,892,803,720,308,826
+,13,257,525,756,231,889,260,515,744,43
+,694,317,621,931,311,74,642,906,491,901
+,245,559,375,809,44,166,983,227,654,139
+,214,959,735,20,922,269,455,678,481,373
+,242,936,442,775,133,7,715,366,867,592
+,549,881,955,150,768,838,507,157,544,107
+,421,569,148,928,457,342,684,844,954,643
+,390,634,342,393,161,859,890,667,365,444
+,680,148,716,728,73,437,266,98,610,818
+,315,239,930,315,287,139,639,140,634,861
+,770,504,289,160,774,602,949,104,276,273
+,497,521,799,32,497,221,612,871,646,519
+,91,931,147,3,299,800,404,567,92,591
+,849,293,806,753,859,518,188,946,126,531
+,20,574,402,847,441,84,238,547,480,639
+,331,421,294,781,687,325,39,303,99,404
+,851,556,151,167,121,313,442,681,745,238
+,784,783,121,371,631,840,595,202,765,735
+,665,919,131,867,742,748,921,780,77,137
+,658,982,937,74,365,376,414,74,259,807
+,745,535,411,466,329,205,477,41,14,137
+,32,13,801,521,934,51,943,15,998,507
+,785,518,288,349,741,646,164,172,734,612
+,21,538,655,553,879,285,770,151,295,900
+,909,644,551,736,217,390,1000,719,678,709
+,891,681,692,538,193,341,947,93,404,947
+,871,973,221,347,217,590,92,127,151,269
+,518,27,920,90,527,377,30,186,329,764
+,103,1000,554,833,172,525,375,447,370,548
+,484,833,755,12,557,135,571,843,933,494
+,987,474,460,827,189,67,871,769,925,614
+,901,424,104,336,592,979,772,274,321,857
+,177,79,832,414,78,619,485,93,296,904
+,135,95,592,576,279,65,112,996,944,100
+,972,604,963,623,759,283,493,572,570,510
+,178,696,522,762,750,605,449,356,515,959
+,973,760,651,20,532,807,320,767,215,160
+,939,948,153,665,616,607,244,705,728,223
+,615,341,211,422,185,536,848,950,473,152
+,938,242,340,156,31,946,708,921,835,90
+,255,123,882,276,454,217,35,472,598,315
+,674,358,347,728,15,754,467,401,464,3
+,240,434,312,777,698,983,567,51,545,572
+,779,110,950,414,606,269,495,476,196,245
+,666,187,777,347,418,630,311,266,105,229
+,104,52,143,945,443,271,657,406,83,718
+,472,793,328,160,59,48,99,395,86,82
+,801,575,587,570,222,747,66,273,982,17
+,687,913,672,28,440,72,505,540,648,375
+,212,949,889,967,820,966,193,633,410,707
+,966,715,184,482,508,675,718,905,437,10
+,418,14,492,209,304,107,48,251,708,791
+,436,718,278,175,571,1,709,589,733,157
+,956,204,334,701,791,610,794,999,661,226
+,369,406,520,64,926,397,687,765,550,131
+,868,141,275,434,839,453,499,160,777,417
+,865,400,497,25,101,615,849,980,846,868
+,610,298,297,12,40,129,66,409,108,25
+,187,862,187,342,537,256,227,896,785,155
+,324,754,968,630,107,678,337,186,756,26
+,707,740,785,174,998,96,995,710,233,407
+,837,381,638,291,187,625,490,747,977,943
+,185,101,629,112,917,19,654,155,875,978
+,623,592,358,688,589,419,558,868,993,137
+,49,136,150,172,109,122,936,585,350,785
+,81,554,859,21,2,237,711,358,51,821
+,652,106,145,575,740,132,733,479,565,809
+,313,199,483,982,318,752,295,6,350,106
+,402,424,540,744,896,461,325,131,491,89
+,527,454,34,934,823,317,455,191,949,134
+,860,924,323,595,352,103,383,408,540,740
+,582,360,893,90,905,430,453,617,51,749
+,531,207,20,600,892,785,884,54,856,979
+,628,65,901,426,754,823,829,803,145,12
+,693,799,601,175,157,702,531,20,537,724
+,350,191,415,130,987,460,838,898,341,189
+,179,974,962,488,679,75,432,731,139,920
+,148,908,133,698,360,809,42,353,779,437
+,180,765,975,803,890,993,698,204,744,787
+,501,629,63,546,210,641,814,970,335,975
+,226,523,589,659,280,560,259,696,308,833
+,993,607,895,231,357,911,592,11,527,994
+,41,125,345,634,528,836,192,241,186,997
+,64,204,704,300,12,286,940,568,370,160
+,2,496,581,215,721,793,188,618,405,370
+,445,291,458,647,202,492,501,65,681,208
+,310,892,424,3,388,897,979,903,761,407
+,169,753,50,418,409,210,661,19,922,415
+,692,225,113,418,159,999,51,837,173,567
+,318,772,86,259,211,117,812,43,265,252
+,311,870,205,698,81,198,272,71,233,658
+,878,290,287,655,14,130,862,576,266,64
+,521,424,13,971,94,251,8,820,74,962
+,130,821,713,768,257,495,276,567,430,952
+,778,457,407,760,316,940,824,427,673,421
+,833,831,866,576,253,25,974,166,247,309
+,238,820,154,689,107,116,212,667,638,905
+,720,289,918,619,836,119,159,342,506,42
+,525,593,40,478,910,788,789,835,321,771
+,548,332,199,369,267,689,842,323,278,523
+,806,252,559,528,588,869,62,300,88,71
+,447,221,383,440,983,392,274,484,505,388
+,948,566,730,151,652,67,70,441,549,36
+,695,916,145,469,664,868,248,121,382,290
+,543,752,906,913,216,272,782,133,340,552
+,580,294,294,362,296,724,144,713,153,494
+,432,32,653,447,558,827,940,98,942,532
+,696,152,2,988,300,424,919,2,685,439
+,569,214,69,243,2,319,976,834,570,67
+,540,271,895,541,626,152,737,892,384,177
+,965,981,888,242,389,364,188,333,728,354
+,249,725,808,299,740,855,479,641,130,738
+,977,600,263,544,654,685,342,967,521,253
+,883,773,972,912,333,975,48,747,266,895
+,106,859,520,263,119,400,278,227,243,269
+,913,471,926,803,183,582,208,468,541,347
+,384,452,21,908,540,471,330,114,213,94
+,353,504,551,509,427,511,629,365,61,689
+,1,118,26,423,34,970,973,856,305,892
+,512,411,649,510,631,767,891,928,338,223
+,639,103,356,569,791,841,963,667,565,318
+,329,160,37,901,232,945,972,728,942,483
+,961,384,972,773,497,768,314,713,908,907
+,491,604,145,375,552,786,303,341,323,733
+,35,964,511,241,830,384,933,868,531,706
+,975,898,995,704,609,775,359,997,536,13
+,500,59,920,867,644,363,984,372,651,301
+,504,257,866,977,975,488,161,984,376,822
+,874,177,150,218,16,470,770,453,675,671
+,298,963,412,934,337,545,556,203,982,465
+,157,383,987,554,280,130,761,175,427,831
+,404,527,641,401,679,922,695,683,534,201
+,621,599,987,711,498,566,643,449,247,549
+,24,852,122,757,889,16,635,511,800,556
+,220,608,17,995,392,613,603,684,918,271
+,429,684,625,326,731,681,236,938,71,233
+,967,267,882,995,820,732,743,231,126,307
+,589,356,471,998,695,599,453,587,351,132
+,260,250,291,579,347,976,450,777,139,807
+,629,148,123,819,393,366,607,739,252,667
+,522,467,343,835,917,276,730,857,556,90
+,34,54,888,86,426,611,437,360,68,704
+,978,616,235,143,86,109,895,561,123,274
+,347,531,937,320,762,430,386,549,469,791
+,37,637,776,610,412,976,536,481,719,34
+,601,963,745,253,299,980,746,271,814,488
+,463,89,491,200,601,184,344,175,79,455
+,906,563,974,845,658,387,526,176,104,547
+,579,944,542,609,277,485,305,3,298,984
+,550,256,192,806,264,703,942,693,207,158
+,655,891,775,843,788,464,782,477,802,538
+,853,868,89,74,274,215,369,482,283,805
+,498,27,980,779,183,471,594,409,308,792
+,265,811,774,471,466,459,696,223,737,914
+,598,309,307,529,466,64,530,188,651,689
+,646,636,215,827,502,626,612,289,444,235
+,998,304,694,543,222,338,943,668,628,301
+,741,602,319,869,805,795,109,771,149,737
+,150,979,815,614,924,664,698,436,290,851
+,405,50,501,881,586,962,203,267,118,780
+,847,518,625,614,266,40,951,10,21,689
+,802,234,11,12,780,98,972,826,990,789
+,326,321,95,19,547,937,796,187,526,41
+,509,591,810,128,242,221,726,724,99,446
+,651,3,646,350,860,746,47,700,226,229
+,247,158,97,272,735,596,274,853,194,197
+,524,382,227,282,220,241,823,739,934,948
+,494,87,19,792,472,851,381,122,251,795
+,989,407,3,224,768,493,386,969,437,546
+,450,299,659,708,855,312,892,250,582,903
+,438,959,139,492,132,702,672,405,180,295
+,592,395,216,202,679,21,600,443,250,333
+,530,382,975,717,392,831,879,413,512,190
+,307,431,119,478,687,32,428,873,696,254
+,379,340,970,308,863,873,451,137,277,242
+,747,682,440,289,511,334,279,324,899,936
+,25,171,397,632,313,86,916,281,697,230
+,407,52,56,419,88,746,839,160,478,884
+,123,170,854,544,614,684,238,450,76,560
+,72,947,541,772,977,609,599,603,336,108
+,842,964,318,168,161,70,205,54,921,63
+,125,607,747,282,592,530,981,557,340,450
+,96,748,664,932,209,167,204,773,591,353
+,562,965,669,150,952,111,356,794,973,841
+,165,206,390,609,679,856,879,621,138,944
+,448,906,450,867,268,228,445,1,111,970
+,744,456,714,226,767,304,864,905,677,247
+,816,400,957,395,266,47,32,335,861,579
+,207,22,926,376,881,153,688,582,691,441
+,268,810,290,525,163,11,767,629,747,936
+,893,752,25,489,880,62,684,13,197,540
+,52,548,219,862,430,172,49,615,861,650
+,513,508,732,527,590,278,443,645,170,567
+,776,642,534,722,968,480,946,148,684,936
+,474,351,523,930,805,584,618,478,173,465
+,38,712,265,740,215,268,260,81,32,211
+,399,384,683,835,282,740,351,261,660,341
+,955,124,37,46,484,482,294,294,317,649
+,203,311,65,738,848,192,719,418,137,985
+,258,851,31,929,477,871,955,193,53,289
+,717,664,424,475,735,198,949,255,743,923
+,256,626,913,356,906,516,924,26,748,709
+,297,387,457,851,663,531,658,340,439,837
+,163,162,840,362,402,649,454,141,899,992
+,710,770,677,490,152,879,465,894,159,456
+,641,436,825,1000,695,668,361,321,760,465
+,205,233,19,987,81,629,80,795,46,941
+,152,74,570,339,963,541,162,984,197,978
+,888,683,383,879,638,340,5,804,713,643
+,419,264,25,215,229,333,774,488,106,624
+,838,667,725,998,317,399,342,225,820,693
+,69,504,426,27,80,193,173,537,677,937
+,319,271,671,662,433,708,464,366,96,32
+,863,944,440,635,289,931,952,145,990,892
+,740,309,140,106,659,232,278,264,100,680
+,915,212,496,777,156,496,427,811,699,839
+,753,884,316,44,145,547,44,673,407,824
+,991,852,308,99,859,560,744,180,206,716
+,539,681,79,746,917,266,303,821,148,919
+,45,153,989,339,473,786,578,152,857,26
+,5,148,644,405,341,541,42,79,232,349
+,11,822,362,610,826,210,444,235,387,234
+,904,741,979,522,349,112,762,430,399,914
+,609,63,43,725,866,22,255,942,954,805
+,109,273,737,441,752,0,477,389,613,514
+,829,960,171,924,386,939,311,92,242,587
+,935,323,222,818,585,889,573,219,802,666
+,262,290,361,542,218,803,141,944,130,996
+,489,318,736,946,230,276,779,609,613,919
+,538,664,535,352,791,780,878,821,489,57
+,912,860,704,382,720,123,314,522,271,407
+,395,529,881,344,42,902,660,928,162,85
+,808,284,776,373,359,467,703,82,162,540
+,345,917,655,408,357,2,410,792,150,373
+,788,647,781,700,19,339,794,770,539,35
+,889,867,513,379,696,90,514,176,649,893
+,368,444,715,813,436,183,901,430,506,17
+,992,866,354,485,425,993,852,894,13,750
+,487,185,353,159,490,498,352,744,373,682
+,557,417,857,380,348,172,697,618,462,619
+,844,855,4,673,326,911,680,745,482,263
+,343,37,531,440,321,178,865,579,994,682
+,682,293,367,935,148,879,184,994,311,42
+,241,564,905,251,649,385,392,746,844,909
+,192,160,478,672,655,701,78,736,522,566
+,18,445,88,708,839,947,553,401,735,741
+,911,899,937,405,35,485,70,596,521,561
+,391,76,460,208,129,605,392,239,382,209
+,110,263,198,795,296,550,755,597,472,986
+,703,431,252,748,574,148,802,443,645,688
+,830,988,601,280,847,58,487,70,552,497
+,774,116,147,252,371,603,14,696,378,572
+,181,0,877,868,627,802,158,707,599,365
+,714,734,114,332,579,877,509,977,518,698
+,927,951,125,586,484,455,517,850,390,882
+,536,525,592,140,401,787,770,826,961,489
+,839,191,691,749,82,740,764,586,775,923
+,206,448,235,64,977,916,882,906,710,624
+,119,284,531,250,385,662,409,606,655,637
+,843,882,603,764,904,197,923,303,62,306
+,162,829,707,314,395,760,445,37,997,779
+,856,577,93,714,21,625,317,859,739,208
+,251,571,498,784,763,874,223,860,956,727
+,330,913,410,194,87,878,655,791,226,5
+,604,810,754,495,200,328,842,188,500,347
+,799,388,899,589,767,719,203,298,292,736
+,988,59,82,770,828,139,426,657,982,207
+,95,656,979,163,218,796,162,938,799,310
+,618,979,600,537,621,825,811,264,593,739
+,201,387,274,809,653,826,491,161,306,56
+,8,736,77,246,903,390,16,274,193,175
+,559,165,983,378,600,456,740,962,444,396
+,529,994,443,212,257,463,787,253,744,890
+,92,551,590,519,304,591,834,905,310,698
+,439,37,850,769,725,547,233,509,545,769
+,468,311,427,940,809,72,973,377,692,958
+,505,201,110,922,797,177,362,979,69,677
+,537,348,463,282,535,218,943,201,799,864
+,795,89,130,870,280,99,155,231,504,985
+,166,510,276,539,729,972,313,347,261,681
+,971,374,403,499,454,780,523,553,339,459
+,759,788,670,43,927,314,721,594,374,859
+,344,410,871,406,11,616,820,577,183,167
+,454,825,111,921,117,799,800,915,82,8
+,377,0,797,980,578,12,138,167,814,281
+,334,322,704,767,473,442,855,812,434,715
+,681,705,41,389,386,150,888,916,333,634
+,553,943,507,871,499,332,696,955,294,231
+,118,966,598,506,714,334,830,102,462,731
+,702,779,113,568,526,330,557,151,999,196
+,159,313,646,904,768,201,661,366,827,261
+,918,615,421,358,901,396,135,159,600,839
+,348,54,838,130,706,354,556,931,250,27
+,392,522,350,792,692,100,694,680,465,132
+,433,554,392,811,973,792,845,8,928,350
+,111,116,502,453,934,848,534,775,803,165
+,483,815,732,376,265,957,332,522,171,57
+,781,741,191,452,723,573,600,306,575,351
+,708,162,601,295,184,537,952,204,144,997
+,305,706,746,693,192,969,885,420,941,405
+,301,948,310,382,43,703,139,904,392,857
+,970,104,615,352,719,422,364,545,69,228
+,174,934,369,205,128,373,990,830,947,187
+,129,63,788,58,647,527,368,869,443,780
+,898,500,150,120,262,472,135,918,3,466
+,184,662,699,200,135,791,115,846,369,682
+,333,756,456,854,514,274,68,934,146,977
+,959,442,442,540,356,202,290,733,466,429
+,612,110,111,523,776,801,917,722,236,892
+,648,234,884,931,925,576,877,274,752,336
+,101,328,848,837,737,731,0,460,251,650
+,934,660,917,983,573,622,202,463,219,772
+,401,359,548,764,857,73,656,407,515,563
+,755,192,535,699,990,877,123,956,545,630
+,227,645,240,365,163,350,403,645,225,357
+,885,850,149,751,880,985,299,571,876,846
+,0,399,76,265,746,290,986,504,586,139
+,832,807,421,938,998,74,248,428,664,599
+,999,385,263,238,635,245,138,231,737,699
+,79,912,728,458,740,503,918,997,365,718
+,676,320,982,501,103,722,951,163,221,869
+,465,157,284,463,861,658,757,931,663,34
+,928,737,775,369,138,163,120,755,132,309
+,413,0,774,494,455,510,233,945,613,687
+,650,17,425,164,269,661,401,794,948,396
+,742,249,87,584,162,588,803,517,480,704
+,952,733,162,7,428,640,294,351,713,176
+,845,29,79,308,436,678,976,861,693,979
+,471,613,785,205,360,602,412,163,95,447
+,288,518,481,647,263,891,349,55,548,216
+,224,269,221,543,338,394,766,877,220,539
+,194,212,65,591,942,136,651,715,206,901
+,654,703,667,519,208,741,947,412,829,67
+,48,827,919,485,417,224,752,516,802,876
+,254,86,324,286,99,883,784,291,601,339
+,263,820,970,759,776,955,663,757,877,507
+,877,243,126,775,639,618,181,278,532,244
+,706,423,957,923,587,402,945,947,776,826
+,437,242,98,425,50,133,965,593,453,356
