OP,A1,A2,A3,A4,A5,A6,A7,A8,A9,A10,A11,A12,A13,A14,A15,A16,A17,A18,A19,A20,A21,A22
+,865,824,437,502,851,169,706,640,286,279,6,702,350,78,432,874,7,815,164,508,56,558
+,522,68,747,98,719,383,532,518,340,267,181,236,393,979,351,571,783,780,256,43,14,659
+,2,435,465,69,864,424,319,159,16,220,336,831,161,441,678,986,496,740,430,696,158,570
+,125,164,51,574,990,563,401,847,485,405,971,232,951,838,458,454,55,407,263,507,721,197
+,742,587,406,633,710,96,872,743,509,901,448,636,850,840,796,745,105,750,888,151,536,712
+,383,820,272,624,877,973,367,70,615,867,540,607,202,550,108,409,516,363,301,813,579,944
+,132,557,196,262,712,106,1000,16,698,185,111,987,22,840,19,158,670,549,999,510,410,459
+,423,996,15,694,829,643,835,206,650,190,143,126,423,299,750,22,597,44,713,174,835,244
+,857,811,594,813,529,431,507,941,921,543,864,736,779,560,98,344,816,523,661,754,867,382
+,747,724,750,566,551,305,163,66,397,352,35,649,84,587,53,513,73,352,474,262,897,854
+,454,554,418,236,124,334,662,633,349,804,190,509,721,421,592,444,17,669,468,242,443,969
+,279,721,602,795,637,377,809,286,100,498,940,461,484,950,58,675,170,658,828,152,497,45
+,692,467,69,729,285,939,908,850,279,459,110,111,188,211,362,58,792,668,226,675,446,199
+,992,687,359,795,15,316,333,40,242,669,975,386,511,723,220,836,83,150,510,46,594,955
+,999,528,793,59,888,332,153,816,665,409,423,924,359,590,286,474,543,707,938,96,920,220
+,167,481,328,82,880,977,342,57,719,736,883,783,34,44,678,633,594,804,330,483,727,0
+,585,529,944,249,296,935,450,987,848,855,368,555,567,728,52,309,242,784,970,706,413,389
+,901,189,548,188,417,425,169,837,990,656,659,890,554,903,294,266,698,722,749,422,825,252
+,712,934,497,510,157,424,973,875,556,516,59,383,366,778,595,278,164,979,59,793,750,121
+,39,600,600,93,265,936,923,430,148,799,454,645,572,954,289,130,226,997,138,16,989,168
+,884,50,857,497,726,440,38,57,474,265,233,137,215,988,355,116,718,715,223,217,110,292
+,140,163,307,844,236,12,106,912,634,379,472,266,791,662,800,533,800,717,952,783,79,85
+,192,499,253,676,891,307,651,250,771,890,277,609,121,88,162,413,546,406,41,113,434,20
+,319,494,793,89,665,54,361,929,262,127,732,443,278,163,617,811,501,976,266,945,632,374
+,795,567,659,504,293,948,553,578,869,626,828,778,204,601,765,856,913,152,164,473,558,368
+,412,680,498,878,671,209,273,977,384,579,834,27,606,408,960,405,482,610,739,509,171,219
+,238,608,466,316,969,977,546,925,712,44,312,3,658,217,520,647,445,989,437,26,452,970
+,158,651,376,35,412,161,176,959,839,397,849,588,593,535,349,556,245,531,826,360,207,989
+,821,208,834,868,650,741,253,806,501,788,988,313,815,291,551,138,42,124,708,403,238,528
+,291,445,155,868,166,979,663,186,241,673,519,579,142,717,165,108,758,753,30,915,358,507
+,251,159,864,722,841,633,664,996,897,2,564,262,160,175,214,491,825,997,70,637,141,306
+,862,213,502,909,385,302,812,129,783,7,258,375,890,328,872,963,312,435,905,711,498,257
+,684,515,550,966,65,362,859,453,564,909,599,243,957,450,138,359,378,636,835,668,432,765
+,332,410,154,303,597,137,929,641,683,10,757,615,115,306,18,685,643,666,375,771,564,861
+,138,699,68,865,768,311,637,504,597,94,748,27,352,195,350,222,602,52,59,144,998,405
+,237,208,391,664,724,658,795,805,217,764,628,916,116,28,665,250,594,179,538,626,650,448
+,61,242,132,958,256,87,199,361,401,509,683,137,247,35,110,24,945,261,549,245,444,978
+,354,292,372,659,412,519,806,347,327,976,956,994,503,528,546,245,800,220,917,463,964,267
+,322,379,223,300,130,351,137,421,562,844,558,680,139,491,833,936,455,638,121,977,98,653
+,509,626,300,896,738,439,247,865,68,492,265,947,258,310,603,173,857,0,22,709,934,750
+,897,647,937,18,241,486,716,658,644,2,899,379,571,744,14,587,263,82,272,664,707,913
+,520,369,941,730,453,169,853,446,545,871,652,717,12,343,967,716,2,561,29,480,710,804
+,680,757,89,784,687,648,797,827,291,88,913,716,794,156,159,490,328,197,141,509,146,14
+,117,541,239,354,739,627,657,157,80,599,445,57,982,206,222,392,303,762,103,795,451,395
+,506,201,929,256,427,476,12,214,554,777,740,500,447,520,313,103,814,930,459,55,149,540
+,24,750,416,855,48,935,341,607,911,191,934,663,482,298,738,847,898,973,846,400,986,478
+,893,407,701,124,900,794,228,88,517,833,101,411,537,661,552,548,786,528,154,976,94,751
+,317,870,682,876,482,424,320,408,502,146,938,272,44,228,888,503,721,792,898,679,66,961
+,912,905,613,50,970,269,978,946,61,578,562,251,422,557,763,861,696,106,391,314,515,791
+,956,760,487,311,971,856,670,538,131,500,896,821,68,529,829,350,945,849,628,132,72,359
+,385,971,183,200,950,504,234,879,356,613,219,932,692,53,896,402,928,717,80,295,142,749
+,379,199,268,513,498,308,839,887,106,950,242,594,614,769,367,677,279,789,503,560,37,309
+,776,618,854,45,45,54,359,77,76,989,795,652,567,72,791,480,848,65,157,908,944,757
+,58,264,816,73,230,544,275,260,882,791,597,296,250,110,589,142,897,219,80,943,133,844
+,725,833,687,714,324,207,188,303,553,105,529,549,924,723,69,437,82,573,531,617,255,115
+,781,800,0,110,817,832,683,60,681,884,5,189,965,243,820,870,714,496,97,586,165,467
+,967,244,300,935,135,590,371,766,508,611,777,720,838,879,216,726,876,224,194,698,857,25
+,552,25,890,477,382,32,372,486,378,235,385,518,844,480,507,81,164,497,751,966,41,973
+,958,504,946,113,206,721,116,504,217,119,39,693,247,368,718,65,387,509,834,453,167,550
+,35,993,887,270,229,335,109,453,815,904,913,101,192,202,633,502,583,364,480,188,199,394
+,113,938,691,743,166,126,693,407,366,501,934,457,718,992,44,561,276,363,674,187,129,809
+,769,634,683,913,447,440,131,412,384,663,674,666,721,406,121,243,438,426,86,138,922,251
+,494,288,436,422,593,218,260,896,423,682,445,442,845,434,604,174,312,215,990,764,861,226
+,694,738,691,460,267,902,155,287,329,910,821,366,790,39,437,521,695,117,774,463,989,278
+,743,508,448,553,794,91,357,777,944,107,725,502,444,619,440,869,605,510,123,386,905,776
+,775,644,969,60,159,740,873,293,306,49,722,336,155,644,370,128,654,23,862,231,811,239
+,538,705,74,988,589,320,469,469,871,884,157,764,527,879,996,61,638,940,306,602,883,304
+,310,32,932,922,395,510,724,370,866,874,797,525,926,648,898,729,22,93,804,443,366,654
+,971,773,814,531,216,476,974,509,641,665,978,858,420,549,712,614,126,997,984,293,820,761
+,844,293,60,272,808,904,481,190,845,975,864,265,629,187,468,169,674,693,521,24,496,541
+,195,537,582,448,15,248,618,578,294,885,942,685,138,485,13,448,55,97,856,269,379,329
+,514,793,693,117,510,86,886,375,644,354,184,818,747,511,339,204,458,441,28,374,208,653
+,519,797,138,719,269,522,877,336,188,513,196,396,539,259,306,197,254,660,741,476,133,881
+,968,882,593,438,478,842,995,460,525,633,935,49,501,825,921,959,562,382,638,305,464,577
+,428,861,79,746,195,300,930,751,773,989,782,900,214,608,517,743,460,600,804,391,356,796
+,966,724,819,547,558,238,23,138,46,982,924,307,933,758,611,338,40,956,236,216,106,579
+,364,347,767,955,986,144,432,170,321,462,624,625,954,877,859,169,513,479,623,721,957,465
+,453,151,112,0,322,821,112,654,666,847,320,669,214,837,480,711,264,308,766,872,453,978
+,329,774,128,399,204,726,997,343,944,849,349,4,612,382,807,56,853,23,355,706,317,742
+,185,731,887,18,602,809,960,343,121,593,496,790,835,6,60,413,309,474,836,68,785,432
+,295,661,919,604,893,811,905,855,436,160,153,439,21,274,187,523,828,262,525,953,978,395
+,70,596,204,574,516,835,54,301,386,614,938,535,309,280,932,45,849,103,708,6,63,337
+,847,47,213,258,7,817,165,199,757,482,118,941,994,682,367,638,991,104,839,272,842,162
+,145,629,205,863,685,184,151,422,175,912,724,33,331,104,744,784,426,551,78,379,620,190
+,407,507,542,812,179,225,490,713,148,1,456,769,617,893,791,692,950,379,963,673,399,753
+,993,773,808,343,138,896,948,711,447,451,525,315,658,174,226,413,869,646,619,486,622,982
+,649,705,394,700,300,925,37,835,488,277,372,862,257,336,363,745,387,883,499,73,93,736
+,336,117,592,280,228,227,334,807,359,396,668,408,173,912,946,103,114,198,391,307,253,889
+,405,917,547,776,706,79,688,488,222,310,67,392,635,905,882,219,945,344,648,341,879,469
+,62,691,173,487,272,328,191,312,276,590,696,655,311,339,183,306,803,986,273,300,315,796
+,787,811,232,569,874,29,33,18,5,612,542,578,912,543,324,520,345,347,868,495,751,987
+,843,172,726,320,869,16,308,306,764,379,247,943,781,726,818,892,529,172,477,203,964,80
+,403,67,619,267,163,719,919,833,395,795,466,505,742,631,934,692,393,22,87,267,203,128
+,313,890,302,149,12,746,764,666,820,905,735,269,39,528,981,273,744,248,553,504,234,844
+,353,491,562,499,589,551,281,443,437,781,942,357,431,349,42,356,265,941,770,144,703,150
+,452,497,850,579,353,730,151,554,244,943,881,544,259,407,588,746,202,31,639,430,431,157
+,462,503,803,307,442,418,303,909,22,327,954,754,872,630,751,702,831,813,401,885,302,775
+,275,533,146,595,917,420,456,565,988,874,327,224,488,260,61,705,652,692,336,882,630,94
+,639,961,501,363,100,921,809,221,145,103,634,258,420,364,478,463,96,129,206,250,199,967
+,981,181,169,974,344,118,191,869,531,939,457,738,481,311,92,766,435,24,266,971,378,359
+,748,994,959,901,715,713,853,921,390,674,619,80,17,398,287,98,534,853,188,219,857,523
+,501,531,558,68,814,69,862,910,744,630,209,84,843,1,967,675,643,161,474,572,218,648
+,647,833,365,905,939,69,394,344,928,634,425,231,419,518,655,142,270,588,941,257,502,995
+,374,329,812,125,474,661,340,34,899,939,408,397,816,38,115,474,282,324,1,341,527,837
+,262,1000,899,131,648,776,339,132,335,262,207,379,495,814,677,43,285,386,654,538,87,177
+,579,450,851,432,1000,202,264,238,139,335,958,172,608,615,932,441,711,338,670,306,899,571
+,762,953,106,113,26,588,483,678,692,350,684,643,427,864,617,208,227,697,823,165,158,918
+,351,132,998,102,762,299,611,577,691,118,72,419,995,644,660,761,346,491,861,93,6,500
+,557,798,414,59,355,462,408,750,511,790,172,211,322,446,743,900,664,457,497,690,419,328
+,33,909,59,783,770,785,645,929,411,636,133,374,892,577,601,139,31,60,949,386,862,656
+,861,579,230,972,845,879,149,681,322,494,48,314,125,501,639,769,205,665,868,126,150,8
+,722,912,364,158,711,154,395,905,420,600,660,872,528,577,853,881,150,872,647,176,763,302
+,858,300,453,607,669,163,906,90,123,713,57,234,365,294,706,141,391,888,767,229,601,942
+,785,845,838,950,332,529,896,94,420,84,982,841,36,77,771,380,229,972,943,242,654,578
+,114,507,479,837,245,478,993,385,518,285,649,476,525,887,409,612,127,415,97,168,127,856
+,721,384,15,93,132,442,389,288,862,406,302,8,853,299,17,927,23,103,667,486,662,60
+,82,502,688,573,919,639,634,331,361,973,532,342,90,277,775,930,655,849,416,95,643,558
+,933,473,714,413,526,543,477,355,828,33,464,65,871,768,265,716,138,79,685,541,476,480
+,542,370,223,514,396,153,197,254,837,310,342,576,937,867,649,779,261,386,586,139,58,331
+,733,896,444,95,29,971,381,129,521,590,238,186,445,664,606,889,319,959,532,68,174,955
+,615,292,912,868,498,761,808,775,106,931,11,479,777,412,494,334,120,272,621,255,24,190
+,263,570,863,296,888,723,211,996,35,383,589,855,61,329,948,524,732,835,579,306,727,699
+,309,914,650,489,495,267,654,269,679,162,471,925,798,240,148,949,783,573,776,224,80,566
+,989,575,969,925,707,762,71,665,27,1,605,353,902,671,432,749,199,182,661,186,997,552
+,28,769,207,967,160,542,245,424,256,88,864,983,524,206,144,932,834,237,111,454,332,518
+,819,912,653,488,617,623,335,973,878,41,687,316,148,297,501,9,649,356,206,507,656,283
+,985,897,67,820,236,662,194,974,522,402,982,101,737,284,152,954,935,453,394,536,683,301
+,842,227,654,464,405,855,484,547,763,908,829,811,113,952,451,845,93,946,990,12,50,948
+,200,923,929,275,57,761,323,507,211,228,667,51,978,555,586,531,662,243,175,607,182,840
+,758,905,938,729,346,730,351,428,941,254,719,811,588,648,153,880,726,180,62,117,351,367
+,221,187,378,26,773,837,755,873,325,564,977,166,815,14,777,450,864,276,355,960,66,92
+,187,258,207,703,265,892,505,858,302,656,496,337,679,886,658,697,285,81,218,872,936,273
+,371,757,685,173,169,945,457,75,75,0,662,185,196,11,347,357,971,585,811,779,518,86
+,267,546,285,796,363,233,389,509,722,262,108,473,739,988,540,759,577,941,705,198,396,973
+,314,785,155,319,933,798,438,285,642,490,291,416,532,378,417,843,530,945,31,613,818,787
+,256,844,181,458,962,535,448,900,834,345,346,10,384,845,855,934,234,11,159,188,859,33
+,888,781,943,230,22,967,241,369,245,111,135,299,994,98,512,151,549,452,999,221,640,610
+,739,82,925,946,177,953,787,997,944,423,153,446,701,573,155,775,462,52,410,520,982,654
+,299,216,596,444,81,913,842,861,755,50,897,433,522,714,456,886,273,65,259,671,628,9
+,894,626,624,87,576,962,823,715,106,398,624,370,958,404,152,638,835,828,162,325,474,765
+,5,269,402,348,626,369,108,435,806,660,596,624,514,325,436,638,256,554,266,746,382,141
+,115,576,281,143,422,680,391,891,756,934,896,985,267,65,858,633,774,365,523,911,958,504
+,671,550,288,56,558,526,165,610,848,208,879,280,824,754,166,67,825,614,672,976,584,24
+,667,423,29,27,711,73,584,839,367,828,130,145,99,152,224,939,512,536,323,873,917,322
+,750,544,265,502,851,987,113,860,528,843,498,808,67,217,496,779,958,985,344,520,211,149
+,422,551,116,960,77,939,679,223,604,594,668,721,28,454,455,107,759,727,322,138,253,661
+,272,341,600,212,769,641,826,163,446,116,623,734,237,727,225,257,859,623,983,768,869,90
+,765,956,779,289,726,209,828,53,107,346,754,844,583,603,194,710,930,111,778,382,210,594
+,324,619,880,146,959,454,56,557,70,436,396,72,370,208,872,877,639,904,207,201,479,965
+,931,459,881,81,28,931,158,594,987,495,559,859,821,877,218,666,248,886,657,727,887,940
+,838,754,388,701,56,696,852,984,532,273,922,623,77,509,600,965,647,539,565,232,524,174
+,515,327,357,871,658,619,999,508,902,879,385,87,850,739,934,828,624,690,620,203,20,938
+,124,109,447,767,662,772,682,192,893,696,127,330,150,789,511,690,929,57,348,871,400,340
+,65,496,49,504,467,513,6,131,409,598,41,215,233,269,698,173,32,212,219,44,743,218
+,110,325,866,618,489,148,698,51,862,627,547,734,845,178,949,940,462,258,628,255,717,767
+,925,294,122,78,447,243,230,674,436,599,303,801,956,455,66,475,802,377,62,828,955,467
+,274,918,493,979,318,942,997,101,337,377,310,77,740,650,990,795,25,754,485,954,325,536
+,443,457,398,253,421,254,953,779,512,281,985,72,999,785,763,384,224,522,308,531,917,101
+,953,461,470,354,577,451,494,622,142,631,413,186,304,716,904,910,852,905,95,937,291,226
+,904,916,658,273,92,304,794,963,27,386,562,820,804,985,727,791,782,440,925,833,546,738
+,770,691,434,515,905,954,297,581,838,765,150,945,881,361,176,664,489,578,862,771,524,624
+,396,521,380,190,585,451,270,603,62,890,65,200,604,955,346,166,679,240,46,25,359,807
+,595,480,924,737,103,829,961,69,629,236,908,708,321,396,910,250,438,834,390,24,854,434
+,508,903,928,77,415,143,632,454,774,836,138,842,308,793,736,598,812,855,734,700,94,169
+,951,694,284,777,931,195,393,261,225,263,804,66,767,385,621,332,444,3,661,406,942,974
+,404,993,664,381,987,822,156,247,736,197,94,485,926,280,280,580,869,402,338,363,455,367
+,186,982,487,919,0,915,453,841,199,846,250,782,818,491,68,936,216,853,926,4,237,970
+,154,129,472,912,513,420,780,538,785,744,33,16,903,67,771,384,557,416,918,1000,786,973
+,99,824,217,448,935,348,37,123,404,100,491,463,65,730,364,160,687,904,879,416,480,418
+,361,354,735,479,825,112,907,636,602,427,947,424,933,590,112,776,423,78,472,622,457,53
+,851,327,797,860,809,587,624,777,0,991,276,756,825,351,692,722,230,397,493,505,421,200
+,792,711,575,228,584,185,909,267,296,468,710,789,540,236,276,98,766,514,373,60,418,872
+,315,407,372,706,621,676,314,773,887,359,897,22,614,433,398,406,428,0,167,710,751,852
+,889,648,426,935,333,800,781,321,819,41,233,829,803,945,27,638,372,755,650,297,489,751
+,871,878,354,584,315,679,24,713,635,336,759,863,684,967,433,484,336,662,122,951,855,449
+,918,263,380,252,994,662,995,14,522,897,819,809,111,259,846,875,704,753,778,904,991,471
+,486,57,677,230,383,249,690,678,409,736,145,270,636,395,5,905,574,309,723,446,768,626
+,415,104,708,479,896,529,496,210,904,703,567,272,691,588,366,905,547,353,466,123,869,454
+,678,624,225,788,76,635,257,880,865,444,619,754,798,166,523,626,492,681,62,309,836,203
+,636,55,122,383,631,161,259,320,713,975,494,17,585,846,89,118,62,770,369,997,122,160
+,489,35,56,337,396,166,347,490,921,949,285,470,801,286,501,963,649,463,876,575,743,473
+,1,128,638,889,487,937,28,700,848,770,691,47,232,76,646,714,290,432,101,139,49,440
+,150,632,207,110,628,883,416,605,128,420,686,472,814,934,954,548,953,806,98,782,511,794
+,830,683,364,207,315,704,144,50,502,549,315,824,211,607,985,58,487,949,230,466,153,467
+,833,145,152,873,757,819,555,397,49,280,758,667,505,94,256,442,213,107,378,740,430,3
+,32,95,360,678,958,71,282,538,903,941,669,352,458,767,172,810,282,673,578,728,347,59
+,171,572,405,302,466,823,785,370,358,262,429,316,528,775,548,973,995,272,793,695,547,870
+,659,901,139,18,428,120,507,873,672,219,592,334,219,935,740,705,785,291,386,445,449,331
+,719,694,418,544,673,639,288,614,85,157,887,841,581,764,509,798,942,795,219,374,63,338
+,970,462,739,74,788,193,187,447,20,599,853,118,69,703,602,166,13,74,567,225,892,183
+,908,12,108,378,409,89,95,182,261,993,37,804,657,585,463,846,23,759,446,470,26,328
+,906,446,694,615,307,154,938,401,513,194,994,432,73,648,85,196,815,762,620,730,315,152
+,162,742,957,842,424,311,316,603,972,229,933,74,376,617,817,999,821,209,40,649,147,603
+,296,245,524,910,218,368,757,967,308,342,859,154,17,31,715,287,612,638,470,249,6,43
+,3,334,845,432,31,402,691,648,233,486,933,607,800,238,194,95,870,790,97,776,331,190
+,328,923,167,697,72,411,917,489,884,1,251,26,492,21,72,869,993,166,690,120,170,618
+,156,351,61,87,857,557,232,149,478,187,330,339,197,984,71,625,106,983,472,549,268,626
+,954,633,467,403,114,964,876,608,161,169,192,412,887,964,744,782,669,566,92,454,816,350
+,68,814,11,28,541,682,460,353,22,998,18,687,362,807,630,349,934,240,301,803,446,119
+,166,884,742,255,229,458,582,852,42,659,921,577,913,498,141,226,718,889,519,33,886,106
+,782,752,993,637,715,392,388,258,295,235,937,696,125,436,528,201,455,123,316,113,415,701
+,804,430,920,682,304,245,62,938,823,436,163,262,512,497,802,0,821,163,781,172,463,679
+,392,943,709,838,998,976,74,980,629,699,939,277,347,783,709,102,155,985,750,641,126,142
+,128,444,23,374,426,37,697,496,775,436,2,802,976,590,130,428,899,501,545,187,792,349
+,902,545,330,726,369,274,200,956,319,44,153,673,828,578,572,638,773,433,710,45,300,934
+,421,927,390,262,73,482,556,900,93,469,627,197,394,851,457,768,937,322,786,993,156,949
+,573,602,196,15,277,690,953,615,491,606,451,798,935,950,277,40,220,686,231,386,853,261
+,614,197,956,819,932,280,699,110,75,442,436,69,71,935,175,697,699,651,171,931,498,6
+,381,77,602,620,765,19,54,227,231,32,292,267,330,869,617,313,539,321,800,581,894,866
+,826,162,484,573,920,263,255,107,409,798,935,563,332,879,480,419,59,344,53,140,340,739
+,451,797,30,562,251,856,858,333,753,863,172,146,855,861,102,256,505,244,184,413,694,235
+,532,598,560,922,112,630,436,894,540,147,755,376,67,777,39,426,21,722,914,12,25,991
+,687,450,770,640,838,445,190,151,902,765,102,765,430,923,304,654,400,300,400,79,806,836
+,681,456,196,576,513,719,876,30,394,441,800,6,571,417,388,136,304,497,338,982,570,345
+,963,673,85,902,390,368,945,45,263,123,88,490,461,644,359,286,387,905,376,588,243,893
+,308,475,187,318,211,121,653,965,157,6,348,227,976,597,526,863,871,87,607,687,86,662
+,118,580,188,968,673,962,970,308,213,208,277,266,272,434,347,279,935,236,886,20,843,451
+,653,595,512,191,435,344,10,394,930,3,258,341,912,55,2,368,693,628,808,688,344,609
+,444,384,534,971,983,281,518,925,865,838,497,829,263,447,14,942,505,956,902,578,595,222
+,294,141,528,540,595,936,413,365,567,190,801,940,444,270,214,639,893,550,205,972,183,233
+,791,422,518,987,444,841,403,206,938,547,523,381,772,785,880,11,247,220,582,83,189,106
+,253,640,403,236,604,6,738,745,738,748,220,888,862,442,99,772,714,419,124,486,906,255
+,735,224,784,691,343,935,390,945,436,37,715,717,209,34,853,775,101,277,456,401,802,907
+,720,358,821,702,462,540,643,432,52,456,65,717,778,66,716,168,558,722,573,285,437,760
+,13,865,622,987,80,626,2,154,202,644,375,739,510,265,620,255,826,244,459,802,489,760
+,12,976,111,666,479,887,567,419,648,339,980,762,564,340,794,772,756,125,357,401,689,843
+,495,238,260,526,918,52,90,689,316,645,559,384,52,449,527,591,640,235,849,998,632,80
+,676,865,814,518,616,483,156,790,207,334,655,8,749,989,951,365,428,246,605,338,234,449
+,846,548,13,610,970,34,288,926,948,811,567,821,547,98,249,700,300,272,915,645,968,584
+,439,93,760,570,334,485,420,526,411,5,710,351,682,187,832,93,396,221,226,183,756,502
+,551,607,899,81,598,531,717,629,750,817,974,856,557,426,73,550,457,564,263,248,295,683
+,745,587,270,708,791,182,999,208,946,977,64,445,788,732,909,656,275,60,732,380,869,277
+,20,483,257,706,206,959,170,440,825,739,366,438,358,393,316,636,337,648,902,587,395,630
+,55,357,840,448,566,423,364,769,569,246,486,713,746,35,648,904,511,678,337,208,381,505
+,809,234,643,558,968,389,898,775,86,487,104,10,729,1000,550,16,838,865,328,689,467,578
+,716,399,735,879,874,721,933,94,386,431,900,995,942,825,119,568,177,881,704,887,62,710
+,164,955,513,326,31,462,646,206,964,777,208,865,579,500,237,107,39,35,683,383,89,153
+,822,820,887,224,889,242,703,273,491,81,248,382,313,876,705,72,987,807,983,593,715,225
+,883,912,633,621,897,999,899,643,938,831,612,60,123,565,99,436,393,175,134,147,870,315
+,669,981,354,570,744,450,976,653,106,909,332,139,948,909,667,927,242,540,485,900,328,714
+,948,395,846,128,680,325,875,969,616,330,927,948,807,833,584,874,245,704,12,364,379,485
+,761,790,289,355,193,458,71,142,483,335,502,250,632,865,91,837,352,264,6,199,431,104
+,241,457,251,65,56,105,603,382,666,337,315,270,122,534,113,126,148,162,909,426,703,998
+,580,139,737,902,653,965,847,45,385,285,181,649,255,826,533,907,189,383,451,63,752,527
+,88,702,174,380,178,431,185,733,158,13,848,918,915,141,154,294,699,517,648,650,598,995
+,280,526,710,856,638,158,953,235,540,655,725,521,112,119,742,443,566,176,902,226,151,589
+,558,757,715,790,120,60,981,704,177,251,433,963,813,486,240,346,796,871,553,978,854,680
+,811,730,200,524,93,253,842,837,837,643,149,861,803,354,678,358,767,893,387,474,595,29
+,849,102,103,238,826,839,506,183,461,662,475,312,995,514,231,578,968,7,779,768,964,380
+,14,69,459,936,839,415,382,935,865,137,373,900,787,596,637,680,347,604,633,401,612,13
+,662,548,488,734,699,339,881,614,473,764,464,918,700,462,643,14,139,688,40,594,991,908
+,738,64,120,622,614,467,825,637,452,349,337,492,404,909,384,71,774,891,402,607,545,473
+,905,699,593,611,677,519,421,728,343,740,581,301,452,488,765,200,983,450,527,589,420,319
+,572,371,995,608,416,312,717,601,52,27,894,692,166,707,167,847,205,21,315,70,659,13
+,398,592,273,763,575,792,38,521,3,939,588,274,963,53,595,964,26,933,968,810,804,826
+,340,513,504,169,310,452,518,988,686,909,162,729,329,398,606,717,953,684,521,960,652,862
+,892,233,515,448,126,355,236,881,777,553,2,861,860,767,733,875,825,779,116,641,82,34
+,34,678,318,319,200,849,542,272,366,791,953,491,746,912,179,322,159,506,928,694,127,628
+,426,32,300,133,615,665,802,660,812,249,398,868,718,951,754,440,833,813,97,432,14,255
+,222,748,989,923,898,920,56,33,602,209,503,585,219,548,993,75,224,323,732,28,505,291
+,29,903,417,379,390,271,123,406,213,539,984,53,31,824,846,61,680,769,286,155,341,670
+,469,413,648,551,737,787,758,865,806,399,912,126,949,28,953,59,334,556,552,109,101,916
+,697,323,220,146,924,430,815,509,98,744,710,780,822,152,782,512,582,936,165,928,98,524
+,417,277,32,104,820,776,661,830,651,736,3,698,774,19,146,733,707,293,491,630,404,195
+,979,641,842,402,395,159,509,874,79,97,399,764,846,202,917,405,323,52,60,239,965,561
+,995,701,802,209,415,418,924,0,645,462,634,681,274,509,495,672,126,783,153,463,20,162
+,975,311,873,143,482,672,681,171,16,753,778,318,330,354,616,55,934,564,669,872,163,213
+,524,568,364,111,471,603,736,153,605,29,401,114,975,413,7,545,432,899,683,803,150,978
+,930,922,791,46,951,562,938,523,370,643,118,21,516,456,581,234,654,13,666,123,418,296
+,265,685,493,266,115,143,550,593,94,491,134,562,183,454,187,924,301,214,764,426,215,879
+,817,896,556,546,795,433,480,659,827,879,545,555,738,988,571,208,151,789,964,165,64,939
+,598,41,206,780,99,755,671,129,15,395,712,362,97,361,326,341,677,603,566,193,643,903
+,620,347,605,610,256,54,524,622,358,230,780,920,998,636,893,773,54,594,536,858,90,342
+,915,704,777,859,161,278,675,431,510,639,35,60,703,657,505,893,483,736,506,614,793,415
+,973,595,957,729,994,92,478,106,103,833,782,677,52,822,572,258,437,289,855,317,66,418
+,499,354,194,337,552,769,958,709,566,766,831,684,624,542,252,941,158,116,543,966,384,525
+,17,643,524,661,393,55,474,937,232,644,85,725,265,689,460,764,150,330,399,951,406,275
+,566,433,580,690,303,529,132,238,781,360,619,322,623,87,493,940,874,431,812,984,630,261
+,57,102,711,539,947,8,706,952,82,22,969,768,132,382,311,102,616,472,90,512,971,253
+,169,220,371,99,724,194,781,521,802,509,632,470,972,632,966,686,227,738,867,487,356,277
+,325,186,934,876,497,735,767,960,795,707,520,907,853,890,764,540,27,412,761,632,406,803
+,257,695,10,466,493,401,581,935,875,879,703,197,298,402,19,696,90,651,626,84,886,920
+,107,328,975,390,887,694,116,576,924,250,679,962,380,190,97,64,1,250,853,121,877,456
+,571,954,996,229,233,358,9,122,833,491,851,753,987,0,479,220,155,115,589,108,859,263
+,476,98,854,206,831,958,185,273,479,374,235,706,65,113,287,780,286,284,709,749,258,93
+,619,354,411,506,840,209,28,664,245,780,982,83,601,814,860,312,187,254,652,763,260,589
+,937,458,845,674,926,771,550,289,701,530,260,234,441,854,90,43,406,824,869,85,880,768
+,914,856,898,407,935,32,111,87,118,184,579,823,205,745,387,482,787,348,532,371,908,475
+,84,513,638,555,876,173,435,369,720,883,345,206,186,261,115,219,207,708,552,975,598,300
+,997,498,213,619,988,182,480,628,127,484,189,457,629,780,318,184,497,532,151,933,199,384
+,852,885,835,903,845,191,372,106,632,822,780,550,255,219,409,121,392,203,118,134,905,338
+,507,368,904,717,722,984,437,655,717,154,163,715,66,439,313,198,865,879,732,648,94,837
+,916,925,221,756,662,866,944,563,976,749,60,449,70,934,931,508,76,955,178,986,622,484
+,142,533,679,358,307,731,747,533,571,802,459,581,359,517,599,155,416,263,114,826,544,320
+,496,162,382,19,530,255,27,640,239,546,637,48,131,355,463,260,218,450,119,190,731,659
+,978,664,233,363,161,42,851,221,884,733,414,154,938,392,395,734,82,222,51,824,735,892
+,939,840,504,664,339,571,321,417,518,680,171,867,146,929,650,833,20,946,976,782,187,129
+,702,545,495,471,877,653,252,411,513,372,273,701,856,69,46,333,740,746,888,5,755,422
+,926,441,651,435,136,746,749,777,787,24,798,899,740,474,964,109,570,784,951,199,868,131
+,777,59,690,315,440,228,191,754,284,73,787,268,322,585,426,849,908,124,687,315,547,277
+,763,933,548,521,644,789,630,353,389,208,194,422,974,797,481,553,427,685,230,290,376,990
+,282,695,361,625,454,873,265,598,484,938,755,865,484,726,463,972,12,654,56,120,584,282
+,627,343,17,799,61,716,651,787,588,120,861,794,904,218,743,34,593,285,385,355,906,43
+,962,376,489,699,392,611,886,209,996,613,425,532,496,891,492,82,251,18,90,313,312,900
+,922,9,976,13,595,173,299,504,160,618,682,231,514,156,632,496,67,51,201,752,334,973
+,232,539,582,325,557,770,360,283,347,136,49,806,664,77,923,442,229,930,716,712,843,684
+,560,550,68,743,536,480,111,427,548,278,79,875,311,192,32,408,435,894,185,836,4,331
+,594,554,345,152,910,893,934,860,431,634,465,790,799,403,302,462,146,369,990,461,88,234
+,337,827,850,138,933,572,577,812,681,106,66,130,810,729,629,622,744,14,98,514,786,99
+,969,431,361,30,615,583,823,492,418,163,581,581,177,110,3,516,707,421,406,396,292,10
+,235,248,158,770,398,775,88,301,822,850,46,413,902,507,279,663,46,240,851,216,399,794
+,386,831,722,742,912,720,338,653,898,531,566,484,277,71,799,748,577,549,224,76,815,353
+,517,25,450,386,632,293,885,371,436,329,352,582,400,426,724,384,392,921,885,243,592,217
+,457,72,767,691,241,445,124,442,536,530,196,703,946,213,125,839,928,644,309,672,83,124
+,458,281,82,887,209,578,731,355,37,843,345,205,342,705,120,826,474,781,631,525,330,803
+,854,641,255,583,775,924,602,236,841,485,151,412,491,223,468,394,566,439,741,153,515,418
+,972,302,922,134,129,270,158,770,267,912,233,572,672,44,124,618,591,634,524,798,629,815
+,799,699,956,973,911,983,321,798,811,505,331,316,92,598,320,221,252,826,733,651,291,331
+,698,158,498,372,432,10,319,947,721,789,437,81,154,759,239,34,980,866,673,361,67,931
+,869,457,577,37,252,664,720,31,436,320,678,251,675,523,416,270,878,585,24,177,832,447
+,990,617,493,61,285,57,628,940,603,540,802,902,166,645,694,741,341,862,84,708,958,85
+,642,745,624,389,880,50,321,409,341,300,993,614,137,163,549,606,482,743,150,621,353,101
+,204,76,17,569,516,51,476,151,455,689,544,162,221,456,897,46,943,112,729,948,571,662
+,786,320,770,322,406,241,24,245,761,843,222,14,675,733,371,341,4,939,331,522,605,774
+,768,833,658,188,597,410,924,149,132,881,712,732,478,781,378,912,699,745,548,797,604,983
+,870,195,131,724,773,54,84,610,691,433,483,31,967,672,796,728,290,69,882,957,413,985
+,303,504,469,234,347,189,9,528,82,440,954,256,722,273,918,802,923,848,277,104,145,379
+,518,90,804,522,112,134,124,601,944,456,105,862,97,278,131,945,587,954,655,718,117,67
+,984,0,102,377,137,728,692,321,700,414,517,993,926,638,8,171,962,842,525,554,305,333
+,368,352,675,247,420,510,824,267,137,813,66,857,112,626,93,944,526,130,667,726,92,641
+,266,234,310,724,49,488,66,467,578,990,400,612,676,430,961,744,277,775,934,862,924,163
+,175,735,323,108,195,442,347,340,7,230,69,420,645,403,352,30,458,682,240,54,768,633
+,240,594,530,365,881,271,423,736,85,727,470,564,341,746,408,762,62,130,29,944,902,320
+,155,813,294,592,346,294,373,762,662,832,857,510,555,357,417,133,211,309,217,953,586,96
+,470,417,784,330,710,966,933,980,26,815,948,817,877,121,185,389,129,556,228,464,260,614
+,181,801,271,521,225,75,436,317,311,993,981,213,997,33,293,761,950,38,241,322,158,734
+,139,281,945,753,184,471,238,543,419,140,828,771,198,284,931,691,689,950,448,673,433,412
+,31,553,866,307,70,323,295,895,389,175,424,20,921,220,48,955,765,396,287,945,219,885
+,987,358,322,919,285,162,551,651,940,904,228,936,134,491,404,578,899,718,912,547,62,905
+,226,878,221,329,213,171,455,797,491,895,213,862,862,973,882,340,579,938,898,519,366,761
+,345,454,619,797,423,857,588,528,254,191,668,304,888,180,266,247,504,382,375,73,867,331
+,472,662,995,563,698,146,583,857,843,307,688,104,615,807,707,301,519,977,747,510,116,786
+,593,487,128,234,524,380,508,873,786,747,829,778,823,238,49,655,197,370,706,93,171,736
+,567,794,892,575,210,382,732,240,640,83,402,377,369,775,333,243,208,962,147,826,192,528
+,631,421,474,135,418,338,85,651,991,397,623,628,967,148,927,960,125,142,331,571,809,736
+,71,801,936,887,463,441,700,706,72,143,601,202,623,158,64,163,170,811,407,22,863,378
+,602,857,743,881,277,516,817,970,168,314,640,922,127,662,688,477,940,719,220,789,320,252
+,344,861,206,487,832,1,304,38,693,885,21,970,702,99,160,363,552,378,751,62,426,374
+,352,130,731,331,277,467,578,516,15,508,133,652,768,434,834,150,517,471,451,45,705,394
+,513,229,144,461,910,526,987,43,608,562,234,116,795,281,322,624,178,24,139,856,131,799
+,397,695,44,415,396,531,966,501,548,121,983,421,828,569,198,94,980,226,631,842,985,24
+,177,291,192,573,668,862,132,192,374,218,678,76,946,421,217,314,576,533,438,526,50,552
+,623,453,677,649,134,871,166,425,449,693,167,912,686,530,839,499,461,253,463,462,713,256
+,147,854,622,258,729,13,524,702,976,507,66,986,716,604,357,140,772,389,683,531,341,732
+,689,963,524,678,666,390,707,208,840,344,211,73,481,57,902,404,402,484,504,915,30,63
+,363,534,6,390,585,446,565,646,728,921,109,18,989,231,539,85,655,857,312,803,819,323
+,198,704,239,766,42,843,674,108,100,766,171,532,379,429,583,770,792,825,564,589,379,321
+,827,586,810,397,798,853,596,791,379,561,915,382,559,642,408,34,116,870,0,492,85,945
+,98,495,277,20,960,264,985,426,456,66,863,572,953,190,338,800,98,71,407,641,311,204
+,301,672,890,787,982,709,430,810,519,121,631,98,679,223,148,833,410,808,745,133,259,499
+,685,881,757,875,350,298,642,662,549,803,499,612,253,489,802,92,139,860,351,757,41,925
+,207,50,183,147,44,547,54,551,641,996,599,797,300,278,293,829,225,796,988,219,338,854
+,215,774,339,477,92,718,804,891,89,458,380,567,684,32,652,700,435,892,325,176,911,287
+,596,882,218,537,551,386,309,732,921,545,611,467,933,462,852,252,356,260,424,840,269,3
+,599,232,955,44,312,915,248,403,996,155,610,738,489,769,561,29,558,374,103,91,568,938
+,670,895,797,241,156,238,592,85,881,850,691,120,349,72,515,89,794,520,599,820,354,270
+,54,866,942,618,402,732,645,354,908,548,840,359,742,919,401,132,298,167,932,254,193,943
+,824,390,358,717,78,475,56,932,148,457,927,876,924,266,401,507,622,244,478,564,980,250
+,69,987,720,406,866,825,951,63,351,144,645,823,218,252,681,596,35,45,20,902,693,806
+,881,878,968,533,328,997,737,141,573,460,637,64,411,399,645,940,984,718,502,646,999,438
+,949,690,766,578,685,837,167,357,289,474,310,253,550,33,609,3,332,741,766,598,424,984
+,37,854,245,722,260,121,933,79,510,774,660,758,35,482,255,684,974,723,752,621,452,518
+,461,937,584,360,367,147,97,50,936,245,272,411,800,826,117,458,923,945,805,531,669,45
+,245,334,828,411,859,366,198,876,122,774,962,452,468,378,353,991,840,903,791,246,61,0
+,654,348,661,940,933,898,980,759,680,521,801,784,139,256,532,585,85,829,746,838,757,788
+,448,377,153,740,770,596,947,375,747,906,22,491,812,10,22,423,526,476,581,353,527,561
+,425,262,337,956,516,734,204,753,703,501,675,192,274,703,173,619,907,941,772,5,51,879
+,233,246,652,95,836,568,435,980,9,824,976,441,692,803,315,31,720,649,56,147,729,381
+,644,287,503,1000,518,815,832,414,632,524,396,358,334,485,317,943,403,187,259,802,99,715
+,49,455,147,105,490,156,188,917,831,677,569,440,587,723,889,825,400,998,234,415,911,643
+,149,104,125,461,612,99,116,463,706,934,745,775,806,275,311,257,410,218,569,636,695,601
+,652,636,766,205,308,95,395,874,601,105,351,251,668,666,69,397,722,214,360,292,611,253
+,943,369,910,405,910,21,654,194,81,539,383,627,914,476,293,809,92,918,317,299,127,746
+,355,436,244,734,982,768,74,264,392,221,617,432,886,956,682,820,693,738,545,815,70,418
+,106,616,477,622,435,269,447,710,797,127,741,110,360,98,373,564,903,877,681,173,144,656
+,679,599,695,363,233,662,938,77,705,361,844,788,863,995,614,753,494,491,605,595,419,32
+,346,609,130,156,565,364,388,911,395,506,817,191,767,20,408,417,399,259,130,112,116,41
+,293,586,930,253,223,336,925,350,346,677,190,95,561,144,263,666,434,843,953,10,608,882
+,214,414,898,604,86,806,39,635,277,312,518,857,346,779,178,848,811,173,485,771,101,763
+,717,381,605,153,626,257,613,214,969,330,169,100,221,432,789,879,824,29,528,816,801,959
+,835,99,652,346,89,495,234,307,187,595,313,369,9,240,529,759,927,942,754,746,947,424
+,224,210,617,299,36,338,790,954,703,596,929,438,557,448,133,497,34,943,750,125,136,701
+,283,876,208,369,82,408,502,402,977,492,434,182,480,87,541,304,384,512,862,422,722,351
+,848,129,170,188,929,266,464,930,248,218,56,252,193,626,251,75,93,208,676,564,440,95
+,135,704,577,910,506,309,435,22,792,12,269,667,767,298,144,250,372,272,999,431,583,927
+,468,521,171,815,37,718,424,924,339,258,634,768,735,765,824,449,219,61,898,801,243,97
+,430,518,905,235,160,766,361,487,417,829,605,9,44,468,868,61,747,184,285,898,939,855
+,72,603,937,635,946,115,659,205,32,503,547,380,313,789,326,782,227,393,586,332,16,815
+,10,843,255,279,608,384,228,913,824,896,652,557,210,72,363,742,292,78,683,725,938,722
+,535,263,607,606,693,605,575,563,956,79,255,494,715,180,871,964,665,750,250,131,244,531
+,986,700,274,842,162,714,168,869,551,179,260,347,916,485,617,520,666,843,203,370,385,33
+,510,338,344,390,362,116,533,890,338,162,673,431,115,197,74,328,905,362,917,745,29,812
+,911,59,693,185,901,568,524,473,266,941,372,159,385,57,939,874,886,485,11,639,858,249
+,808,563,619,446,111,251,308,681,376,268,105,700,626,575,860,804,616,855,137,65,238,788
+,136,78,290,815,850,614,934,765,597,845,165,24,766,853,358,175,351,150,106,983,328,670
+,306,654,284,661,477,760,652,750,943,397,327,15,648,904,132,372,73,372,78,114,638,892
+,372,437,610,440,680,706,386,714,460,692,614,499,827,747,875,737,114,400,36,558,555,52
+,376,841,697,784,981,141,238,897,694,954,199,508,903,720,257,469,267,481,693,87,798,128
+,564,637,705,900,581,47,548,302,563,363,994,748,655,854,411,441,772,21,296,269,734,532
+,960,51,591,994,337,726,259,740,434,294,525,742,886,725,302,277,535,797,563,852,642,790
+,533,212,141,409,281,48,921,402,982,816,146,970,559,576,472,238,800,277,447,359,917,884
+,774,446,883,796,821,86,397,768,935,162,163,52,8,499,949,13,592,80,995,829,290,94
+,837,166,583,599,792,314,69,528,550,78,623,636,582,318,344,385,199,105,805,999,257,580
+,243,764,562,395,483,569,174,627,399,232,412,579,368,448,809,155,463,851,758,561,244,253
+,991,102,692,12,708,916,515,641,602,82,574,436,92,283,719,891,519,894,656,974,616,122
+,334,290,507,590,198,530,980,375,93,979,859,49,979,404,446,791,79,226,902,458,523,2
+,475,501,12,909,655,429,797,574,631,645,872,691,534,839,95,866,85,240,779,681,593,25
+,188,654,102,421,420,798,179,272,305,860,813,195,577,312,387,416,354,992,582,909,422,263
+,146,935,173,372,83,87,18,15,308,387,648,246,647,663,74,98,734,973,756,493,804,248
+,483,108,958,129,222,131,772,710,801,908,184,197,246,837,944,595,723,55,547,230,353,841
+,239,987,572,166,823,937,459,547,331,172,822,299,516,179,76,432,259,980,34,388,91,65
+,231,837,351,911,203,699,703,82,523,274,329,249,544,340,461,768,654,765,991,498,174,446
+,562,956,49,88,342,775,292,736,244,893,972,330,114,213,375,191,919,228,659,344,90,1
+,603,577,433,643,789,586,925,65,918,41,700,154,569,812,778,407,67,370,336,814,233,753
+,630,229,83,972,676,384,624,720,773,749,653,260,446,350,294,128,884,800,138,708,868,842
+,248,286,121,546,466,999,316,166,814,377,853,725,311,699,343,728,646,890,869,515,351,147
+,122,85,190,513,877,75,615,872,279,392,118,469,817,840,431,139,30,710,809,94,880,835
+,732,923,65,945,358,665,105,283,428,447,31,372,364,90,709,905,288,61,505,10,517,800
+,815,580,456,626,878,30,73,982,192,965,774,36,736,749,417,565,931,999,820,75,425,203
+,18,916,132,475,637,447,83,358,257,13,645,538,837,474,379,443,829,758,752,880,243,941
+,546,653,258,660,997,923,558,829,169,652,737,883,587,523,487,894,392,357,953,189,897,946
+,766,223,621,25,225,869,11,682,513,304,139,343,172,966,898,514,531,571,887,494,172,792
+,677,735,897,525,186,824,424,264,628,831,890,980,760,688,346,457,38,371,6,191,469,141
+,959,660,136,577,839,809,618,648,204,441,782,487,494,989,594,529,88,61,311,143,308,100
+,784,230,568,919,189,72,97,196,539,614,995,942,651,371,192,580,648,563,709,610,53,347
+,957,721,453,119,664,704,997,869,427,105,679,349,202,310,140,446,969,961,163,405,149,808
+,229,790,132,25,732,629,153,26,372,822,532,237,506,585,426,642,862,544,418,497,809,756
+,841,850,907,970,13,617,457,362,226,100,609,44,413,701,771,353,227,413,189,906,307,817
+,429,243,26,877,1,859,847,158,801,212,682,827,146,871,799,942,306,710,826,102,580,893
+,460,808,978,623,927,453,83,842,116,683,32,607,79,749,35,292,974,774,635,133,344,56
+,730,731,905,501,88,567,550,494,127,386,146,655,207,705,333,939,901,25,720,326,919,116
+,367,518,801,127,794,576,896,477,983,229,594,226,947,193,190,600,389,62,812,128,36,372
+,818,243,545,617,457,181,835,289,726,502,96,305,372,45,365,246,779,956,841,376,687,414
+,491,103,353,629,19,488,19,876,442,633,125,553,468,832,788,366,452,918,751,810,837,230
+,183,951,852,62,370,838,604,220,496,481,954,532,796,47,619,461,310,528,842,490,300,45
+,853,249,573,122,191,903,799,326,324,254,605,802,938,429,428,472,867,502,192,915,79,619
+,223,126,665,131,870,845,882,285,330,7,559,325,706,173,155,50,338,512,971,46,246,674
+,93,254,492,304,698,530,105,134,229,923,858,640,682,972,901,708,346,187,900,250,178,857
+,6,417,910,200,888,760,915,658,138,869,363,910,200,410,325,906,886,706,686,966,233,914
+,534,387,760,650,863,886,190,216,275,351,184,666,979,519,840,713,30,602,793,447,50,368
+,292,267,365,178,710,278,202,337,516,288,461,352,900,766,452,8,6,247,676,276,828,98
+,924,595,106,38,794,948,637,85,42,424,577,805,381,247,540,667,518,191,131,692,280,713
+,487,295,482,974,782,210,649,451,804,266,366,884,772,561,357,666,651,143,231,454,416,320
+,814,845,330,916,912,191,597,855,269,339,104,878,905,18,238,779,255,707,633,637,815,699
+,474,640,175,309,758,358,500,390,24,744,962,476,591,305,51,168,446,605,237,890,545,423
+,657,322,789,229,792,808,788,955,146,823,667,898,970,368,766,804,400,954,392,16,571,522
+,64,90,511,26,901,427,744,858,66,385,969,159,747,156,662,94,960,574,706,111,723,990
+,874,207,404,58,989,801,86,667,803,909,986,822,794,904,594,300,398,707,144,676,556,612
+,170,929,88,68,114,837,389,193,294,418,933,381,367,169,128,800,980,606,617,811,50,575
+,382,495,669,382,954,465,354,776,310,762,170,780,299,858,427,745,666,885,637,485,906,823
+,131,677,746,110,543,976,512,938,953,780,370,436,972,494,240,264,881,986,154,744,615,70
+,929,338,441,287,488,291,774,172,489,737,87,341,81,696,799,132,375,452,601,570,670,80
+,577,760,949,990,581,457,852,514,284,704,531,870,162,364,404,312,196,52,126,83,457,502
+,109,295,499,728,47,666,260,566,518,442,161,21,199,611,532,978,809,20,261,838,984,574
+,663,372,328,449,264,38,248,350,267,451,991,433,778,765,93,983,540,948,498,179,697,899
+,384,283,375,586,583,69,897,326,110,219,840,47,791,644,474,273,557,747,388,63,181,775
+,590,283,765,674,99,886,834,679,53,644,728,281,724,771,146,300,200,482,745,459,298,366
+,794,803,398,190,481,578,702,418,285,207,474,616,583,38,212,168,528,182,401,736,775,99
+,696,418,62,257,602,621,839,761,875,389,472,510,872,899,702,929,717,136,899,755,478,520
+,281,708,196,965,902,466,275,577,858,257,992,884,346,847,508,315,334,336,353,596,252,51
+,432,858,1000,218,999,302,822,7,919,94,358,618,159,148,616,290,390,448,55,217,454,300
+,974,913,105,698,34,875,46,911,269,734,656,286,697,137,582,23,889,807,97,755,174,221
+,473,118,524,884,411,241,116,89,476,740,979,379,454,396,888,870,696,533,311,441,122,889
+,210,154,851,31,376,179,89,552,454,167,724,731,721,228,474,668,979,568,137,33,784,730
+,760,996,563,409,829,767,624,591,259,488,330,596,789,374,390,205,336,415,449,194,447,467
+,95,595,620,281,409,113,916,751,851,244,662,840,220,977,596,203,932,706,667,417,488,727
+,982,576,194,721,896,955,246,136,913,338,248,831,65,130,895,135,722,554,277,647,139,896
+,402,538,592,183,54,1,313,873,389,589,301,703,651,706,454,172,474,474,345,420,70,0
+,302,545,212,444,420,962,886,686,123,536,517,11,787,532,119,228,781,951,667,578,681,744
+,202,255,141,540,967,262,814,397,499,705,888,817,474,825,554,263,933,884,905,906,518,526
+,440,8,479,857,79,685,298,375,231,732,969,710,441,766,499,842,571,628,323,174,244,481
+,935,836,892,129,763,131,82,671,124,848,178,647,450,877,369,502,594,986,1000,278,814,292
+,258,115,434,685,607,118,14,678,479,567,558,699,850,801,242,729,183,27,641,773,308,335
+,19,947,50,981,886,951,206,684,633,260,281,481,595,204,162,774,140,718,588,63,251,679
+,26,811,955,611,63,680,669,170,640,997,163,506,757,452,943,371,651,713,865,416,537,78
+,655,654,34,738,158,435,332,560,592,438,925,383,757,959,16,531,840,37,749,341,339,247
+,796,318,23,436,152,390,131,232,519,868,570,230,733,945,799,361,483,791,211,997,897,579
+,378,270,755,735,994,768,276,993,299,220,422,253,934,174,588,889,250,821,610,65,965,577
+,269,710,165,188,599,96,137,284,127,437,865,77,54,96,240,960,834,340,390,382,18,607
+,277,152,252,76,44,541,386,142,222,992,816,164,876,807,497,368,530,424,359,362,413,202
+,860,330,304,274,871,248,669,740,931,674,769,765,530,525,318,110,271,838,183,364,420,842
+,161,139,509,34,925,716,322,126,975,595,508,467,96,468,535,43,739,232,40,730,627,697
+,641,396,189,148,16,685,125,18,479,588,277,340,643,703,336,783,246,914,149,602,69,881
+,434,836,832,69,798,887,53,539,690,565,236,354,124,601,691,432,704,756,642,672,194,927
+,163,536,982,678,932,463,366,45,958,575,165,201,461,152,648,118,330,300,638,920,625,309
+,723,537,887,924,757,497,584,578,911,98,827,778,533,864,582,462,321,900,789,673,27,160
+,779,266,105,510,63,469,697,600,441,160,392,669,645,808,343,533,280,448,949,686,632,598
+,360,510,785,468,890,32,385,717,4,286,203,962,347,154,786,864,152,179,638,931,351,471
+,759,517,323,487,423,614,780,374,912,882,959,552,139,918,536,333,959,933,110,152,464,986
+,549,524,439,578,235,354,271,959,31,689,263,218,988,109,860,522,711,936,597,973,271,869
+,213,219,469,994,83,994,817,757,246,738,836,494,346,824,53,26,955,180,141,538,533,910
+,740,437,969,439,527,662,925,330,238,42,858,188,956,875,845,734,992,835,353,221,738,493
+,666,385,153,204,567,637,420,989,821,961,360,671,136,326,959,543,778,523,421,458,416,732
+,102,831,228,756,306,546,170,908,88,771,237,249,451,759,585,791,455,204,36,289,285,899
+,318,815,348,2,854,56,719,761,313,743,636,330,681,938,573,257,603,16,928,823,596,891
+,478,368,601,82,69,452,925,111,619,908,924,680,423,751,689,608,9,632,15,620,391,897
+,541,704,174,238,609,288,178,282,207,959,134,382,512,6,924,331,494,94,996,675,325,784
+,964,177,152,127,888,242,341,873,173,387,788,472,241,70,688,803,594,540,356,515,273,773
+,87,853,41,624,490,103,285,480,959,752,183,757,928,917,803,547,589,328,198,794,590,490
+,829,459,18,986,942,738,435,487,236,895,977,812,617,314,887,82,661,155,999,264,366,813
+,682,976,436,813,104,199,925,75,729,296,868,274,716,543,633,79,867,682,144,195,141,430
+,419,102,775,556,306,623,970,278,832,269,588,898,24,485,492,431,378,328,797,629,963,547
+,568,536,615,258,878,110,353,656,714,513,274,560,440,729,152,424,502,241,52,348,655,954
+,994,343,186,183,412,995,198,249,102,186,472,21,832,548,609,7,758,826,638,844,843,769
+,148,178,879,230,145,800,161,127,446,961,292,832,978,943,886,695,734,846,706,324,983,561
+,172,58,395,587,279,728,546,624,311,292,937,965,300,240,949,932,711,82,133,111,349,930
+,859,589,977,38,949,610,352,328,363,757,830,36,547,304,294,370,154,347,506,605,115,983
+,645,91,816,331,869,588,748,350,786,651,395,727,325,822,932,738,758,304,178,883,678,360
+,119,487,103,963,564,320,779,218,176,551,729,459,684,904,592,564,509,363,867,483,613,801
+,936,570,953,699,240,856,190,365,391,450,166,606,445,9,160,208,654,724,199,82,814,757
+,260,681,555,109,936,701,88,522,869,293,348,964,251,73,371,94,117,574,827,512,244,145
+,16,250,717,472,507,575,79,660,15,251,101,677,940,74,699,809,10,457,500,51,109,606
+,729,823,658,555,907,804,41,994,20,384,128,326,683,128,881,572,352,516,126,6,434,479
+,189,511,717,296,677,823,89,636,137,804,545,513,320,840,521,980,524,262,497,419,462,362
+,816,85,164,295,351,33,129,727,987,658,43,713,927,269,443,30,80,631,204,867,294,719
+,393,297,650,953,733,521,554,923,56,282,329,87,139,39,486,465,251,545,502,979,97,119
+,455,579,330,944,763,170,520,59,511,696,683,465,462,276,863,622,978,282,518,536,916,426
+,767,277,904,554,57,713,499,3,138,169,340,558,964,178,791,725,445,627,829,56,290,405
+,464,280,709,260,734,878,271,613,562,807,562,1000,346,267,568,603,750,512,109,46,136,885
+,731,835,196,224,878,633,855,45,345,450,382,825,655,207,6,28,167,910,709,45,254,530
+,511,76,770,333,929,918,709,706,328,528,956,972,450,335,805,681,985,980,124,58,863,793
+,875,32,226,621,841,820,69,790,216,28,528,448,889,132,416,269,264,703,973,184,479,983
+,656,336,341,942,579,840,794,574,654,961,366,641,151,803,722,68,502,37,435,726,593,107
+,297,302,961,6,424,436,999,63,899,299,167,25,664,147,112,242,80,780,604,337,532,636
+,834,120,876,603,381,832,996,402,649,731,61,804,506,82,752,501,357,310,252,892,395,323
+,920,91,615,85,413,193,750,375,51,315,250,339,942,115,431,781,930,140,764,35,693,944
+,391,965,95,554,627,583,150,993,289,681,559,546,167,488,55,106,552,402,547,745,68,749
+,53,169,29,43,230,375,151,531,575,399,241,516,889,756,814,244,159,581,518,275,756,43
+,734,538,9,946,464,799,508,316,936,886,233,106,938,24,973,962,49,916,248,238,977,609
+,414,808,13,278,182,758,839,355,704,130,448,523,362,751,234,960,985,530,17,429,627,486
+,885,542,271,144,280,672,389,59,732,269,101,613,467,947,602,614,150,817,690,686,15,822
+,863,914,873,90,504,760,804,163,844,355,658,624,56,259,758,991,810,994,524,257,184,161
+,36,57,475,931,805,19,735,852,950,357,976,558,682,688,600,856,357,392,981,722,179,665
+,611,380,72,343,318,987,494,241,155,133,727,161,469,206,603,16,947,786,406,516,352,451
+,839,646,646,134,921,842,471,83,593,428,136,450,519,730,461,107,743,574,337,534,144,403
+,416,182,545,506,861,385,9,366,285,570,717,628,120,968,408,670,623,675,919,192,182,122
+,211,482,736,234,760,680,701,357,104,964,167,923,191,227,996,485,44,800,561,239,773,990
+,182,336,549,718,80,21,89,830,932,812,480,586,142,440,347,443,278,241,661,760,749,442
+,287,955,32,203,188,574,844,927,712,298,827,789,270,233,161,174,246,281,374,544,660,616
+,130,328,163,205,98,46,88,755,543,315,475,602,715,788,790,833,602,318,879,699,376,548
+,878,338,536,944,172,129,713,649,667,901,850,24,573,611,188,658,627,517,845,82,864,345
+,640,415,363,958,359,2,491,138,140,365,493,478,812,636,824,528,579,831,700,355,25,914
+,661,106,223,144,559,595,635,813,397,900,657,127,304,418,764,844,446,560,617,43,964,671
+,500,839,10,905,110,415,136,683,816,266,683,713,35,581,106,410,286,32,114,502,767,130
+,896,835,37,898,950,171,252,328,417,380,681,977,117,136,992,871,737,124,449,730,254,890
+,569,774,450,432,30,183,696,233,503,160,862,313,575,952,814,197,217,999,183,485,581,239
+,648,849,379,565,13,34,872,198,511,693,40,401,852,445,259,717,291,394,195,987,868,949
+,921,777,293,183,489,136,190,7,259,586,400,370,628,931,16,291,663,601,647,615,821,452
+,807,176,658,738,821,837,562,855,643,261,739,859,956,893,969,797,167,791,224,651,287,185
+,634,827,562,512,808,991,164,449,168,535,836,354,575,487,29,76,489,408,965,368,936,774
+,638,619,260,110,854,696,834,860,732,606,460,507,475,387,138,343,876,591,947,196,554,334
+,409,792,338,845,509,594,110,489,897,815,372,213,462,165,732,873,302,837,68,421,133,604
+,621,299,514,635,45,117,251,489,213,386,668,337,50,777,551,913,407,979,129,730,159,662
+,609,897,819,743,474,613,176,437,832,576,807,350,698,441,664,70,696,782,109,327,302,877
+,544,194,240,97,109,265,268,856,74,366,293,334,621,917,302,322,219,968,122,555,828,757
+,543,411,682,948,912,40,415,88,716,836,766,250,655,868,178,969,232,550,234,892,258,141
+,780,483,13,151,597,701,824,56,842,590,828,208,462,772,793,714,438,574,740,571,966,267
+,8,684,481,590,56,917,790,59,839,43,501,110,638,309,935,609,71,982,93,501,945,882
+,7,382,883,950,262,457,563,771,46,530,978,379,482,542,652,7,155,864,859,609,431,334
+,504,602,796,686,584,219,508,322,729,55,554,423,339,960,442,137,640,874,801,208,491,879
+,141,728,99,527,786,778,918,287,809,379,360,366,216,709,734,847,764,910,859,79,643,551
+,673,684,353,371,543,315,909,438,465,844,775,448,799,425,856,654,594,472,970,157,168,181
+,802,181,257,644,166,758,683,773,320,347,18,405,741,835,847,300,706,117,758,529,608,212
+,312,337,652,674,852,237,287,919,757,283,455,94,663,588,251,280,563,990,275,525,939,280
+,347,939,861,929,255,279,172,590,934,451,279,730,181,794,27,67,284,60,684,10,691,466
+,490,942,113,979,388,29,781,331,952,854,522,878,775,432,834,771,698,727,784,920,49,189
+,746,346,343,845,424,341,2,106,694,54,79,436,619,24,631,652,848,604,55,41,852,240
+,701,636,311,332,4,945,962,372,143,940,993,748,527,538,219,941,126,922,854,70,156,278
+,521,904,889,550,583,123,944,876,287,486,718,473,51,429,871,841,122,948,408,928,479,723
+,715,794,396,964,92,439,475,185,26,27,677,419,708,959,199,188,653,405,333,527,988,792
+,539,641,104,682,950,985,527,978,183,905,935,826,630,882,61,75,995,69,736,512,923,273
+,86,480,657,182,915,420,852,465,893,585,502,478,88,953,780,609,767,47,937,132,552,468
+,178,996,415,152,980,335,906,250,722,882,657,309,955,290,463,831,243,339,707,813,627,251
+,179,386,117,611,499,531,361,603,521,377,797,228,411,239,820,632,388,863,68,822,303,464
+,362,157,627,820,541,409,98,951,842,829,395,109,109,533,751,714,747,779,148,68,270,453
+,895,569,618,606,123,645,568,704,174,903,93,183,509,457,289,639,648,319,29,884,903,101
+,955,54,831,604,733,280,113,68,439,867,127,800,99,413,293,540,489,640,619,744,961,691
+,635,806,649,233,166,411,307,701,80,43,960,394,562,771,17,10,493,926,655,961,442,427
+,512,322,666,53,122,208,593,419,664,811,339,432,141,567,500,608,388,550,886,111,187,657
+,788,760,980,610,40,681,969,827,358,108,385,669,958,344,198,75,100,754,648,639,432,116
+,206,647,308,487,139,116,691,11,148,676,422,665,544,21,739,907,298,467,187,404,174,981
+,261,915,758,235,567,792,304,122,817,921,126,554,409,826,793,262,17,880,746,3,822,998
+,873,648,839,198,577,89,319,234,494,931,670,376,257,581,598,14,872,541,28,338,690,596
+,492,281,744,796,366,914,129,213,262,743,617,611,535,981,661,625,799,448,792,799,951,237
+,553,827,222,113,904,476,82,574,865,980,956,327,261,274,470,595,151,568,50,389,796,467
+,111,884,619,500,953,625,642,860,661,596,378,290,255,968,686,578,436,991,607,181,285,413
+,502,365,158,146,895,674,312,263,295,249,266,161,428,210,829,810,61,590,73,387,886,286
+,184,738,566,908,196,46,830,880,414,247,22,283,230,43,544,490,824,974,505,342,387,415
+,797,401,337,380,597,504,347,410,271,840,340,505,264,171,583,387,296,284,626,462,641,470
+,323,817,720,344,720,479,239,287,133,412,604,948,706,701,101,737,925,320,226,331,65,750
+,718,540,653,658,102,783,2,751,582,904,717,672,18,277,421,495,48,233,148,248,82,436
+,143,381,390,493,140,584,803,515,441,780,225,120,929,884,114,485,59,769,935,874,745,105
+,305,304,854,432,944,503,833,429,170,213,747,819,769,828,366,286,543,728,808,264,82,683
+,637,909,883,726,96,766,818,108,116,970,919,850,407,957,987,943,669,180,64,215,711,64
+,316,847,863,404,484,506,407,618,104,826,37,215,950,451,233,662,504,861,553,841,395,410
+,550,309,76,369,315,587,759,93,384,136,871,214,703,53,928,258,191,652,56,14,480,887
+,481,850,456,925,63,775,367,550,999,955,370,318,68,485,492,626,40,963,83,511,47,108
+,872,985,396,528,180,882,211,747,291,552,323,706,332,690,188,979,50,4,527,943,474,897
+,271,918,266,442,645,213,998,561,872,559,992,624,369,0,680,974,775,519,989,100,545,242
+,643,799,498,615,846,512,994,788,53,981,670,735,69,516,226,543,201,306,559,444,50,902
+,103,889,164,943,817,118,187,357,336,703,645,877,648,376,855,118,837,240,214,272,85,61
+,612,817,211,830,949,204,213,530,596,517,584,851,825,142,611,933,294,110,439,691,214,803
+,526,78,852,472,294,57,721,792,762,23,127,696,822,895,611,994,953,582,715,33,220,716
+,479,410,62,489,524,373,685,281,79,196,338,136,220,713,108,193,787,189,630,228,596,708
+,104,635,706,618,107,890,620,312,553,734,634,859,969,308,387,743,878,380,795,324,544,360
+,942,849,365,403,989,284,655,115,609,925,68,651,108,885,358,861,483,716,367,265,518,170
+,610,289,174,391,289,381,25,711,608,208,389,373,810,222,818,357,835,138,195,207,646,442
+,923,281,240,51,765,499,481,233,954,560,0,838,961,374,488,491,277,69,396,528,389,32
+,343,40,930,285,595,138,379,412,475,155,999,554,379,274,363,948,968,880,888,88,603,168
+,480,114,52,752,648,51,617,109,970,5,935,722,26,489,232,794,57,361,708,285,198,297
+,326,167,882,931,204,712,771,183,576,307,65,902,282,42,573,864,13,444,553,360,312,43
+,311,55,702,273,521,560,909,201,239,754,937,796,825,242,903,868,669,391,244,611,963,390
+,705,935,993,993,312,821,431,13,382,978,120,106,475,312,953,620,773,571,267,431,740,776
+,101,252,27,995,564,889,330,822,482,140,956,543,174,222,538,539,419,713,353,134,521,328
+,845,786,912,996,775,540,977,8,466,909,889,867,534,825,943,691,790,715,53,477,502,392
+,208,37,386,274,5,454,235,304,175,640,9,631,35,391,675,68,352,304,937,964,900,891
+,592,423,127,172,124,664,295,762,84,633,788,423,238,111,437,660,175,964,981,230,243,947
+,650,237,643,578,540,239,997,746,936,905,947,15,558,950,216,509,63,212,8,593,204,22
+,752,196,896,398,671,980,484,325,912,825,575,289,849,663,270,635,384,74,230,312,953,145
+,724,356,267,38,348,737,56,855,181,413,482,304,625,580,748,315,288,974,499,178,776,497
+,9,981,714,190,271,606,255,152,464,194,241,446,657,369,112,126,356,898,522,353,489,789
+,618,467,914,814,40,32,582,862,529,254,474,112,152,719,821,867,814,94,166,915,852,562
+,60,899,181,487,915,807,542,324,856,693,399,924,896,711,176,684,37,995,939,604,479,278
+,342,825,257,804,237,119,198,696,475,247,493,745,739,413,986,118,157,933,411,435,139,381
+,565,510,558,301,991,820,18,516,950,844,728,588,861,944,290,306,223,866,696,20,386,481
+,700,82,62,262,951,490,966,326,634,142,509,58,380,761,257,308,503,515,802,428,294,892
+,246,153,212,845,595,637,526,205,443,411,138,381,711,950,589,327,543,463,393,438,924,160
+,556,778,207,173,275,138,776,541,344,803,935,138,728,659,444,475,2,77,477,419,32,422
+,624,226,388,18,974,120,546,153,765,816,536,956,653,884,180,653,46,387,990,77,820,318
+,764,715,387,360,556,217,527,62,551,17,664,608,127,47,111,125,210,539,866,683,915,299
+,686,745,794,870,733,792,385,724,875,707,660,790,789,74,265,416,695,800,817,636,898,517
+,331,632,838,312,711,80,106,190,565,437,716,351,698,322,105,77,61,254,240,463,308,95
+,944,131,740,583,441,309,195,26,646,324,715,17,345,600,432,391,588,596,297,815,181,700
+,840,148,743,406,291,650,397,699,850,993,925,985,245,844,650,674,400,439,387,972,510,335
+,56,501,189,177,499,450,236,218,743,2,221,817,383,751,661,734,843,95,461,274,827,470
+,285,444,772,236,89,341,825,350,900,350,537,427,210,508,843,201,291,337,758,867,184,379
+,307,364,568,976,448,895,621,12,614,606,844,146,704,238,971,289,165,915,454,307,143,197
+,23,824,566,440,800,354,492,256,35,628,304,369,884,518,407,488,576,723,418,442,503,783
+,578,180,518,585,880,785,485,680,726,212,128,596,293,361,595,613,732,934,916,338,159,694
+,570,484,543,654,660,346,194,91,441,462,133,27,974,351,370,645,434,348,227,299,306,999
+,563,418,290,175,177,119,213,864,524,237,36,611,562,14,423,114,319,508,442,797,329,290
+,44,882,514,896,571,465,84,253,887,19,8,133,796,92,884,897,758,27,269,876,337,544
+,877,550,44,31,318,900,991,415,768,142,854,996,118,580,174,905,651,648,302,482,948,857
+,477,530,137,89,69,716,338,870,407,824,120,317,312,289,797,23,894,162,123,427,577,270
+,465,686,378,641,925,731,328,132,555,164,313,615,586,581,848,479,115,386,135,545,401,958
+,92,236,931,37,152,3,479,51,854,852,768,721,773,793,914,815,557,52,155,833,344,154
+,505,957,834,11,531,441,633,520,566,207,341,784,688,284,927,840,320,32,998,818,944,214
+,832,930,515,847,476,918,853,109,110,549,540,38,620,948,685,294,448,837,659,430,319,238
+,97,351,681,137,966,154,744,169,964,727,895,997,439,731,57,947,297,26,222,214,564,92
+,554,464,789,932,80,799,383,58,366,848,930,521,870,655,700,796,550,283,99,929,62,183
+,437,271,940,705,403,405,142,286,104,603,273,652,599,265,412,587,476,361,305,430,526,657
+,126,750,257,885,617,751,825,773,997,773,508,238,272,657,152,458,896,671,67,542,547,531
+,695,206,707,594,699,360,774,167,205,432,673,538,487,911,172,862,748,860,646,804,647,6
+,836,697,249,609,982,329,980,243,90,742,592,923,955,156,165,125,199,877,758,936,875,90
+,339,841,44,591,481,505,852,706,774,922,120,0,30,289,774,465,722,351,676,291,546,106
+,79,818,176,703,183,329,535,804,273,791,37,72,232,508,411,124,144,660,387,711,664,905
+,961,295,638,93,347,965,287,187,488,802,784,124,282,927,54,582,46,556,985,526,380,960
+,586,447,789,767,134,284,474,52,354,324,715,401,830,89,343,315,163,997,87,683,665,985
+,736,914,951,478,790,108,908,702,737,993,369,989,945,560,505,783,838,469,212,695,742,345
+,75,710,592,520,612,810,124,244,200,84,758,530,637,130,583,315,92,423,4,319,649,154
+,867,880,326,529,322,110,785,353,392,262,301,22,359,663,955,666,116,731,287,750,761,695
+,220,964,208,277,763,555,971,317,116,469,507,326,61,848,431,497,296,830,320,955,689,474
+,273,34,219,264,17,505,212,110,763,742,909,588,166,387,63,780,502,891,834,352,172,280
+,707,555,938,990,762,243,367,213,615,558,441,874,13,954,68,173,375,12,869,184,139,367
+,664,998,766,949,774,872,666,382,33,794,474,13,81,724,202,808,213,990,621,764,726,485
+,365,74,366,481,588,804,212,33,640,19,398,605,841,180,549,724,819,864,710,171,97,996
+,78,793,426,182,117,429,859,880,26,211,466,445,951,620,478,705,391,641,663,493,326,805
+,76,543,859,7,772,536,768,123,509,374,512,771,451,935,998,409,500,38,601,586,936,702
+,411,553,469,733,570,93,441,991,322,419,947,92,921,550,747,78,322,373,502,220,436,36
+,159,514,955,503,486,136,984,944,717,65,592,192,812,114,667,957,339,915,346,681,238,130
+,247,417,376,931,307,747,707,922,776,799,563,925,513,268,649,422,738,158,468,690,891,84
+,330,780,320,393,238,114,721,447,157,721,61,601,418,252,814,656,4,85,260,698,12,234
+,349,387,535,553,397,927,587,705,151,273,71,277,789,400,448,93,721,913,173,831,613,810
+,706,80,635,355,999,722,293,597,169,64,995,641,461,901,454,982,846,519,626,84,960,295
+,471,558,230,830,144,664,353,373,482,186,392,695,558,146,287,926,953,283,72,797,387,109
+,503,887,465,810,370,668,742,712,664,1,415,61,561,227,803,847,138,655,243,94,425,300
+,46,641,557,446,892,987,425,956,240,277,348,569,125,968,343,3,87,182,871,326,605,260
+,112,3,839,235,994,240,10,502,987,544,2,116,710,713,551,870,795,393,789,894,128,339
+,66,526,322,39,599,11,623,892,387,499,875,578,83,37,474,326,755,114,86,703,788,249
+,913,551,886,915,549,996,606,993,504,359,187,550,363,569,395,42,341,607,959,129,597,267
+,744,641,927,614,510,52,640,165,34,66,818,25,286,474,878,919,386,461,244,945,944,469
+,43,477,922,245,583,6,691,59,645,471,205,599,500,69,978,377,593,440,752,578,573,925
+,338,895,114,205,49,111,624,95,798,984,598,589,834,386,857,804,721,876,119,707,582,512
+,165,351,893,501,36,636,314,244,567,522,651,528,782,879,327,4,843,107,457,869,884,185
+,529,517,934,541,856,411,598,343,614,29,769,627,573,565,48,624,492,772,606,978,546,624
+,584,188,262,850,549,956,337,816,747,146,170,66,292,829,435,955,32,243,942,506,674,4
+,714,849,221,803,149,508,713,481,116,626,740,662,446,561,918,160,330,985,60,737,890,816
+,574,232,329,191,574,652,715,134,775,885,30,658,612,68,481,231,104,416,955,986,659,963
+,907,73,638,725,983,931,322,576,961,716,567,695,386,386,266,938,603,745,984,315,410,89
+,880,314,822,492,611,514,392,89,540,587,374,775,71,253,359,483,61,524,260,553,176,274
+,433,936,134,393,57,893,664,257,856,189,168,968,712,260,760,393,948,890,760,98,207,89
+,438,356,627,952,75,676,810,982,774,489,617,260,437,420,541,493,38,834,225,91,141,635
+,327,983,81,750,900,161,840,146,524,972,934,355,28,372,25,349,736,123,483,8,706,42
+,757,609,46,579,380,460,726,658,853,117,841,588,759,907,375,556,876,8,568,641,682,479
+,395,605,472,751,475,622,652,380,126,512,863,843,284,381,367,401,722,250,567,100,249,254
+,965,439,371,824,474,770,535,415,600,176,563,188,965,69,801,143,879,226,747,773,335,237
+,559,393,319,331,697,871,863,917,697,206,189,747,589,685,918,645,264,318,368,468,873,845
+,209,670,547,12,532,971,906,111,986,217,885,906,214,374,414,768,224,423,813,630,133,702
+,910,239,950,586,744,459,79,893,425,597,22,478,184,233,407,823,874,557,957,214,943,614
+,180,986,590,389,274,571,632,45,823,435,117,844,731,752,276,186,678,296,571,213,442,376
+,976,701,698,110,213,107,661,525,142,420,915,963,882,647,513,787,718,751,85,451,583,79
+,284,663,37,667,689,371,724,149,220,394,249,824,267,874,55,994,859,15,933,625,715,600
+,80,545,242,148,762,825,314,726,41,603,615,97,379,365,482,554,681,483,264,447,579,131
+,298,521,834,292,182,450,82,817,935,452,515,335,350,830,698,754,393,300,857,194,810,370
+,366,620,677,430,966,940,695,289,938,366,618,518,200,568,271,570,24,990,129,918,491,671
+,855,214,492,806,915,395,612,383,108,205,608,329,645,933,607,599,688,856,207,430,199,434
+,575,714,841,3,811,585,85,79,657,818,692,839,492,66,611,248,886,94,744,208,591,510
+,927,50,622,70,341,239,879,713,176,568,518,165,7,700,3,446,903,925,469,498,847,302
+,129,296,901,556,228,340,442,630,512,911,637,584,488,143,348,414,29,387,598,156,836,137
+,11,574,22,148,496,709,225,795,250,372,921,63,434,27,493,66,167,592,629,775,61,326
+,399,363,877,976,426,956,752,34,386,555,571,723,902,966,378,59,340,623,991,441,884,748
+,633,848,306,760,974,65,355,949,709,800,251,368,323,609,244,90,807,624,67,591,481,907
+,91,405,658,712,89,928,550,745,434,618,143,274,546,406,561,19,822,995,321,55,718,285
+,203,268,926,250,903,360,311,407,994,625,200,492,795,413,273,278,406,315,615,938,569,283
+,83,238,351,448,779,954,94,873,11,961,736,93,249,638,705,375,578,598,911,856,579,238
+,194,943,66,371,768,837,973,670,988,171,920,140,926,690,331,783,278,22,311,950,872,645
+,216,804,570,989,563,884,172,140,892,108,910,208,756,795,927,226,115,487,692,47,545,452
+,304,329,108,592,528,919,736,488,486,819,986,501,519,201,869,504,415,469,407,429,709,2
+,485,392,508,613,22,283,921,708,578,395,944,239,850,434,105,288,765,270,886,762,40,597
+,801,709,217,811,566,377,592,268,594,837,156,665,451,891,922,602,272,105,308,702,215,969
+,938,74,877,91,104,839,349,931,798,325,714,199,677,0,905,823,418,762,836,438,632,917
+,389,805,275,255,956,803,889,531,694,718,686,188,2,104,273,614,621,277,71,652,426,663
+,823,846,760,934,151,447,226,657,892,503,717,445,610,775,241,342,147,143,28,891,667,945
+,252,425,440,176,379,968,608,18,362,113,988,321,0,1,289,73,943,818,161,69,527,168
+,212,272,95,920,598,389,891,896,663,617,775,532,573,856,137,887,45,746,336,456,832,708
+,197,765,627,186,817,951,192,697,400,487,937,132,620,776,125,594,89,97,10,543,479,929
+,555,659,778,192,882,116,807,267,153,429,607,82,881,163,993,545,168,873,878,52,808,166
+,528,864,309,923,11,338,265,11,582,926,929,861,351,640,712,189,515,139,944,573,528,296
+,410,577,950,656,86,397,810,263,110,448,823,596,345,284,928,802,787,967,232,745,386,609
+,531,223,539,553,167,270,944,640,567,62,119,815,83,463,796,755,375,90,691,5,382,137
+,749,267,485,553,106,959,40,805,18,172,702,614,590,434,986,337,360,373,479,528,845,350
+,755,79,969,34,295,566,453,364,897,467,684,543,892,398,596,826,850,968,333,680,554,812
+,583,291,152,617,703,636,60,241,244,957,269,478,736,522,12,623,484,548,26,476,131,461
+,424,577,403,66,839,553,334,793,154,313,251,747,850,842,196,322,760,637,356,128,72,723
+,484,471,647,807,341,312,950,147,831,728,282,981,299,528,102,223,917,51,544,985,740,59
+,632,933,410,867,364,513,90,303,555,335,393,442,304,587,981,939,83,170,237,176,558,549
+,606,607,810,620,987,843,912,11,807,106,375,624,1,342,446,857,691,695,741,414,949,405
+,977,228,457,542,546,508,40,72,666,440,155,358,508,900,250,618,39,571,583,901,1000,406
+,41,460,771,622,915,378,450,97,272,772,497,509,520,571,50,261,795,349,409,869,241,168
+,45,333,447,376,845,275,694,524,290,430,857,604,814,815,823,816,409,367,664,688,557,784
+,651,23,227,240,450,126,681,588,123,623,716,523,833,733,904,34,790,474,532,336,318,944
+,134,449,986,340,168,126,307,146,32,660,456,708,170,609,51,933,276,602,772,316,696,308
+,547,771,834,763,939,862,644,621,143,423,209,820,355,784,543,669,180,712,151,241,81,886
+,254,438,32,581,334,497,134,986,553,40,973,597,896,748,20,132,500,120,468,254,842,515
+,286,947,290,711,168,969,469,715,197,788,989,895,443,133,550,534,171,989,303,993,114,124
+,587,837,322,826,347,899,36,797,514,785,472,764,560,188,704,10,217,269,615,674,984,290
+,493,391,503,466,98,980,812,312,943,741,289,126,584,495,676,654,735,728,1,359,248,110
+,401,772,249,4,312,563,429,293,893,272,860,132,92,267,603,302,914,654,643,775,391,828
+,710,751,533,184,410,332,881,467,924,528,375,671,892,264,884,845,474,847,532,17,611,812
+,467,661,171,391,423,467,627,49,365,760,726,836,889,368,98,595,332,44,434,632,171,193
+,193,208,770,989,106,790,887,343,302,625,696,725,853,190,700,461,962,249,419,513,474,862
+,228,449,17,997,405,927,482,329,426,365,116,482,561,96,317,226,629,921,395,430,646,889
+,998,311,27,755,921,895,590,520,442,302,277,375,222,946,860,332,432,926,370,595,917,415
+,622,221,618,832,800,852,305,614,993,178,59,894,353,849,252,837,279,155,76,725,358,95
+,348,787,581,594,766,584,891,214,833,535,681,291,722,947,888,335,623,45,283,342,86,511
+,335,479,993,974,189,6,317,994,972,460,107,780,747,475,808,448,955,766,283,101,460,640
+,608,31,940,161,223,425,768,733,328,969,972,773,559,950,648,435,477,259,14,475,59,209
+,672,692,975,55,118,491,102,505,138,1,855,681,806,97,957,963,800,392,732,537,794,90
+,950,562,424,453,403,409,0,458,937,441,628,767,37,34,916,831,2,26,166,333,559,675
+,435,741,331,915,865,705,504,100,413,167,858,437,471,991,364,98,632,673,763,793,763,334
+,50,425,295,460,881,763,311,388,136,552,245,940,532,714,473,274,159,832,902,883,926,839
+,820,775,388,78,455,1,670,428,127,282,710,939,37,189,107,990,540,932,5,823,176,27
+,249,599,461,882,153,25,397,548,620,32,989,350,437,799,292,79,649,563,870,949,437,443
+,356,169,714,178,169,913,209,13,151,189,794,569,726,738,946,181,591,172,560,483,99,328
+,168,497,188,531,946,294,290,782,577,366,514,299,330,178,423,939,334,694,863,410,762,657
+,879,127,148,691,50,982,102,810,323,306,951,220,191,297,146,703,54,275,681,88,465,61
+,0,375,680,635,691,499,139,435,488,769,249,701,53,723,131,565,447,36,321,325,737,54
+,628,284,544,311,165,944,701,347,714,452,109,14,172,793,50,286,71,969,828,701,85,149
+,358,160,294,870,911,56,191,452,600,433,411,999,366,809,553,83,855,620,798,922,55,65
+,42,686,604,748,622,192,709,174,935,70,715,609,152,159,486,616,28,138,472,113,177,860
+,616,683,518,943,91,336,605,155,667,201,462,148,258,912,686,361,92,490,687,560,445,360
+,276,620,137,819,197,563,234,186,775,923,189,3,894,256,298,434,377,535,776,468,812,176
+,803,480,105,633,295,195,6,135,455,974,921,633,776,859,719,339,949,192,830,267,21,172
+,89,351,87,483,297,331,588,516,746,956,439,249,697,869,531,107,60,93,331,810,837,474
+,116,20,0,133,567,502,515,737,802,793,601,990,341,629,714,916,774,530,397,215,321,507
+,864,8,385,962,435,135,700,52,385,232,804,622,356,204,713,750,62,119,546,312,201,343
+,199,615,759,957,264,442,73,670,367,592,757,971,403,708,186,314,541,699,79,634,258,550
+,47,208,302,546,345,508,135,3,45,184,800,613,391,554,642,642,271,79,456,279,319,299
+,536,563,990,872,457,637,69,223,684,298,596,45,884,719,971,318,965,477,526,871,453,872
+,683,357,203,944,122,625,301,297,189,988,816,727,567,693,140,759,600,257,756,876,157,820
+,320,609,491,977,128,695,436,81,410,344,625,655,741,487,94,897,924,551,703,713,631,902
+,704,358,466,254,380,192,456,357,616,756,148,384,801,817,294,584,772,993,838,352,135,247
+,236,384,780,162,26,775,496,503,150,468,99,569,321,820,313,491,759,231,261,609,208,780
+,30,93,635,163,700,1,784,54,870,274,285,742,101,273,781,899,449,43,536,110,90,682
+,59,837,882,551,218,772,512,549,440,626,246,728,605,861,742,573,913,491,294,453,872,722
+,108,690,555,738,466,971,520,308,290,187,875,562,930,531,86,53,629,21,790,774,727,33
+,48,56,770,20,34,965,79,770,231,69,250,661,672,528,139,654,886,765,646,143,917,291
+,646,75,859,461,929,893,458,887,937,902,479,686,475,649,533,925,644,853,860,682,327,520
+,94,352,307,713,838,739,561,360,580,682,830,536,54,785,127,661,33,594,465,664,773,36
+,77,482,303,913,546,462,313,227,41,911,665,120,125,26,644,245,179,630,902,628,802,623
+,668,819,263,145,366,663,873,293,657,421,288,331,829,670,540,188,365,576,436,489,604,290
+,278,315,505,66,163,802,67,574,344,599,719,564,536,420,900,721,772,981,193,1000,942,783
+,196,348,453,815,500,287,3,689,336,594,707,48,181,607,933,544,831,911,423,666,63,890
+,576,863,155,992,828,552,874,279,428,433,640,686,77,452,997,485,734,876,696,219,30,567
+,699,598,131,18,645,95,21,48,305,841,55,147,781,838,43,415,652,124,529,887,80,131
+,121,4,540,489,29,165,650,536,510,140,850,82,948,442,670,455,833,287,727,826,333,512
+,497,783,46,601,892,968,18,294,506,217,751,787,771,266,33,458,643,400,411,748,749,854
+,96,847,891,286,367,401,367,473,129,219,28,47,300,562,492,923,390,419,392,660,916,363
+,157,468,628,218,768,491,706,726,904,67,326,139,455,726,720,361,410,741,592,510,832,655
+,427,398,63,612,598,990,198,118,25,322,638,290,823,180,733,842,228,292,70,146,675,383
+,388,59,366,787,335,875,286,979,564,990,587,270,351,638,623,33,882,784,155,629,200,630
+,431,262,636,70,521,160,91,971,641,378,373,698,445,807,230,759,755,521,713,273,225,296
+,900,245,149,478,88,91,701,379,283,676,76,693,948,368,934,151,150,307,726,633,792,4
+,607,189,818,335,646,408,562,933,257,560,288,392,774,648,849,160,202,128,947,745,118,987
+,373,954,218,598,267,893,92,148,209,998,174,970,1000,951,72,886,537,521,968,604,932,692
+,38,747,379,650,723,56,123,385,912,413,223,577,922,345,191,441,20,173,183,519,300,212
+,674,498,941,717,48,965,911,963,60,765,519,103,320,669,759,920,10,306,633,732,693,606
+,629,8,958,905,486,105,935,622,155,268,536,401,927,677,338,238,27,739,177,574,757,380
+,387,477,151,821,746,853,91,994,509,869,120,665,623,919,847,912,960,988,85,529,943,267
+,728,696,335,64,509,100,431,747,756,446,114,640,99,504,804,548,672,784,277,978,758,410
+,691,563,49,14,68,355,192,486,848,989,571,465,485,498,71,806,830,226,426,447,996,344
+,4,814,606,347,350,844,564,725,340,113,547,995,246,73,180,336,320,871,788,277,945,967
+,459,937,333,15,256,112,406,153,652,813,387,99,150,410,238,917,543,145,828,637,904,397
+,932,51,634,763,152,366,791,715,935,581,450,39,653,537,260,322,401,171,414,322,219,442
+,708,520,624,932,501,642,259,154,823,7,594,389,298,128,340,32,117,105,957,279,244,577
+,375,528,642,445,329,804,161,782,636,816,296,410,292,751,959,534,974,719,197,823,441,584
+,941,370,27,48,514,120,855,390,217,349,67,649,300,766,506,101,346,476,600,475,913,864
+,561,988,846,12,778,592,809,130,680,999,107,862,926,189,164,179,582,58,948,913,862,109
+,793,453,109,544,954,951,690,731,371,346,586,47,433,526,863,936,87,890,865,220,324,914
+,22,988,920,554,917,883,948,468,452,355,921,786,28,761,470,353,638,82,507,545,2,792
+,27,476,278,37,695,508,356,686,550,40,428,142,470,812,16,444,590,750,2,255,394,241
+,413,547,669,109,943,688,824,921,633,759,905,993,375,950,913,899,407,436,298,962,696,959
+,250,441,929,405,49,467,786,310,205,449,207,349,173,103,664,686,154,433,126,555,337,236
+,463,542,789,395,201,311,712,406,138,17,415,969,884,67,938,331,291,873,380,912,665,464
+,693,986,552,144,325,804,4,56,752,685,217,380,282,285,915,914,600,41,475,151,949,764
+,217,532,175,623,484,466,74,404,215,458,28,906,542,335,563,31,80,855,953,897,421,567
+,946,493,909,204,83,624,35,440,383,46,728,23,704,128,498,749,515,933,19,284,470,472
+,466,200,220,376,919,944,698,82,638,38,947,491,644,346,350,570,841,194,840,840,525,279
+,525,135,459,791,603,529,331,151,288,221,775,565,615,327,289,386,240,838,172,943,928,940
+,812,926,352,574,570,509,741,928,521,810,997,726,556,703,129,899,296,750,85,150,73,479
+,581,636,310,777,474,192,245,272,350,871,235,300,787,104,424,459,210,271,990,385,636,192
+,934,365,422,330,652,928,702,478,649,566,720,792,297,748,881,937,376,13,710,55,939,218
+,597,297,467,940,339,464,721,974,746,963,214,730,520,861,706,539,611,998,476,661,762,177
+,234,933,642,703,160,764,87,390,872,781,608,830,17,921,234,675,714,768,541,410,923,692
+,831,259,787,180,291,205,507,638,643,246,396,917,357,742,393,263,370,533,181,818,265,188
+,230,731,986,576,137,104,135,415,93,521,605,732,884,807,667,916,537,623,30,700,422,521
+,545,863,349,812,1,939,968,67,587,692,646,646,301,793,386,590,4,104,292,356,759,612
+,300,816,69,465,446,835,472,599,315,721,269,192,696,39,437,375,145,772,864,357,544,677
+,527,329,949,315,18,262,979,122,794,926,314,2,561,690,649,824,251,945,463,448,400,198
+,73,917,276,102,712,436,401,914,344,114,961,376,987,113,152,362,805,730,344,815,801,718
+,21,929,367,355,39,51,331,950,441,367,760,489,900,512,594,971,870,753,189,281,212,184
+,191,94,337,226,120,194,452,20,563,230,35,960,586,90,827,543,145,589,270,20,821,278
+,219,230,923,594,975,458,992,295,749,674,160,695,392,680,959,716,946,464,181,908,458,465
+,377,686,684,476,991,592,423,797,66,795,436,310,674,104,74,599,428,930,314,591,920,80
+,753,460,611,369,12,478,33,681,283,323,887,170,303,515,891,712,199,297,816,57,709,611
+,810,325,217,923,790,63,181,626,472,285,879,287,450,705,541,34,913,748,600,694,303,53
+,227,178,916,40,76,157,310,17,111,482,330,884,676,597,77,752,268,740,766,83,649,427
+,90,203,801,702,614,344,276,677,741,708,151,182,43,162,114,973,823,623,763,897,760,941
+,63,1000,804,705,357,721,101,878,25,293,718,133,351,793,84,480,473,144,470,901,114,188
+,85,921,860,388,376,876,288,134,333,76,315,458,332,640,807,426,342,546,388,670,493,220
+,127,916,905,67,695,977,803,570,131,186,192,477,379,82,630,656,499,961,3,314,773,506
+,288,123,292,179,170,249,300,903,622,548,352,655,624,713,582,1,770,215,842,722,392,242
+,856,942,163,720,34,841,964,590,13,208,342,619,381,892,590,798,875,38,785,378,588,934
+,866,528,219,709,813,522,916,444,242,311,208,732,68,420,553,600,117,149,880,578,368,966
+,713,971,321,1,214,953,735,542,814,40,446,332,742,370,773,355,846,437,970,166,950,94
+,390,865,954,840,74,63,78,511,563,616,878,431,179,873,964,514,973,371,485,579,772,225
+,772,119,849,447,910,666,510,317,201,90,890,356,348,180,78,381,261,33,942,121,464,299
+,876,520,304,686,322,455,64,117,941,929,102,847,194,55,696,940,276,958,56,503,936,164
+,947,410,432,748,616,277,49,190,979,681,286,772,915,647,397,513,277,70,266,467,650,508
+,850,531,592,899,429,647,816,932,168,264,968,213,640,614,163,249,89,713,787,252,370,602
+,120,285,630,938,191,921,530,567,522,644,373,176,756,192,730,301,168,757,283,904,789,493
+,201,477,465,468,299,548,519,691,274,613,198,787,975,910,158,746,436,937,850,308,445,64
+,40,492,769,54,212,38,845,427,487,350,693,458,372,426,532,403,8,159,403,968,992,150
+,370,631,394,975,61,275,220,590,658,253,216,803,699,199,881,338,368,815,491,66,752,517
+,482,34,466,220,397,521,244,207,407,437,36,951,989,47,982,423,104,532,98,450,722,205
+,25,216,686,748,913,6,396,123,343,613,969,436,915,82,392,1,940,474,572,471,658,774
+,144,186,283,273,215,650,231,773,100,597,591,672,469,90,970,17,190,253,302,145,864,587
+,447,27,127,384,296,641,987,744,538,361,428,191,671,138,325,782,903,414,704,402,707,873
+,778,534,634,540,612,248,69,647,560,287,154,862,47,749,678,239,82,347,695,289,893,751
+,333,924,163,383,212,243,169,511,148,330,610,711,951,988,316,129,107,850,898,410,610,134
+,446,573,658,110,195,114,854,948,372,81,443,552,264,344,980,175,644,164,442,422,856,807
+,940,883,835,773,571,185,109,923,454,520,368,224,750,415,380,627,165,84,371,861,823,1
+,773,926,462,774,684,263,550,603,372,167,358,569,120,42,578,363,639,873,888,292,712,985
+,898,708,371,980,490,551,161,898,313,448,929,839,361,240,472,699,583,46,85,992,634,731
+,321,377,36,997,329,889,887,673,176,471,652,889,946,569,338,328,440,279,402,1,280,238
+,783,553,749,195,133,487,869,41,87,240,21,926,427,967,545,737,824,905,396,732,451,871
+,259,987,26,278,401,125,755,273,453,845,450,854,458,241,14,748,353,605,253,80,542,683
+,81,41,985,545,476,801,591,203,646,85,213,728,688,603,34,532,377,806,632,352,685,482
+,988,383,36,799,520,723,93,267,909,48,108,221,965,653,234,981,276,80,327,506,911,951
+,996,992,134,939,146,268,154,972,245,107,108,872,127,501,403,666,499,825,445,368,39,994
+,153,909,788,81,384,254,206,273,867,844,659,859,947,807,548,903,570,452,421,210,167,846
+,406,996,229,617,114,655,272,270,141,991,556,125,441,788,213,972,345,453,217,54,621,714
+,176,121,869,618,238,714,230,82,725,47,642,586,865,355,226,620,459,139,231,318,200,623
+,357,32,324,739,929,197,611,423,70,608,443,505,385,157,651,280,84,29,545,797,465,469
+,516,45,936,313,999,704,462,789,651,703,784,296,783,608,412,448,984,49,702,109,926,586
+,255,176,74,890,190,363,733,987,505,440,589,449,477,202,755,352,36,345,639,951,342,35
+,456,320,269,865,315,260,852,169,660,686,710,121,618,789,363,910,78,607,259,925,140,491
+,51,57,829,168,281,172,252,183,23,357,330,790,536,782,33,897,196,40,902,671,841,844
+,289,876,533,945,367,557,921,457,781,572,672,903,960,239,617,14,300,372,940,970,67,631
+,498,21,225,548,745,599,681,714,164,655,737,278,954,609,733,705,40,217,474,802,959,338
+,983,721,423,807,819,379,969,62,605,862,588,128,801,356,861,771,640,816,330,978,817,726
+,436,398,478,628,812,528,564,801,724,459,206,699,119,529,734,553,523,675,190,852,60,594
+,359,355,584,798,486,782,280,895,774,428,552,536,253,373,746,839,934,930,596,335,182,62
+,928,289,690,697,724,823,544,72,213,72,272,123,927,436,569,895,7,460,931,604,610,795
+,341,853,486,364,946,70,732,183,852,457,442,804,433,211,404,935,798,6,875,416,333,329
+,909,942,7,154,449,129,323,235,123,752,707,893,861,14,20,187,202,371,306,371,433,333
+,754,986,949,747,947,295,655,91,865,65,126,932,949,389,115,584,349,958,365,985,973,641
+,625,532,82,600,539,325,841,525,414,267,544,219,626,195,624,619,937,896,264,535,766,308
+,74,275,650,364,248,580,511,499,610,983,281,840,984,446,33,730,278,120,551,865,816,162
+,137,514,946,0,720,226,103,738,809,303,405,401,551,998,781,79,527,919,278,17,340,278
+,798,232,49,671,110,355,975,73,567,922,451,909,499,604,377,996,319,704,767,14,71,722
+,709,192,350,703,420,383,809,3,57,824,911,357,174,638,580,562,926,468,757,867,561,295
+,675,212,444,940,474,234,144,984,279,852,572,969,387,603,28,660,976,468,94,23,861,356
+,174,331,853,565,160,586,934,938,385,383,725,905,525,111,852,873,503,547,842,149,609,807
+,523,344,741,873,964,943,535,926,104,655,597,65,836,361,527,538,528,136,53,271,934,308
+,445,655,858,70,471,82,626,923,273,393,323,540,491,810,59,577,628,590,667,598,186,93
+,205,721,396,452,177,152,840,101,338,600,657,909,586,11,708,88,85,338,287,863,948,833
+,601,63,101,239,795,671,820,224,178,614,717,548,96,901,581,972,609,678,926,602,702,53
+,882,287,817,248,160,422,997,25,401,805,818,365,579,65,947,859,423,996,706,920,876,356
+,369,238,707,409,137,211,200,206,367,347,185,960,395,883,18,447,637,944,134,407,749,265
+,420,572,363,830,335,815,933,338,528,97,454,646,539,957,17,798,674,430,832,996,679,639
+,800,655,685,739,410,865,474,21,863,338,904,335,775,848,156,168,55,87,976,594,387,168
+,887,107,802,650,729,240,117,112,526,752,876,371,56,333,809,44,747,836,233,726,63,445
+,582,144,272,268,69,737,510,867,240,622,484,111,513,874,201,652,187,505,989,261,266,497
+,418,819,56,76,422,33,349,606,96,728,608,732,779,377,707,856,790,740,791,890,985,713
+,741,457,235,93,530,669,840,36,167,854,910,130,514,909,205,279,567,733,717,16,875,172
+,903,91,530,983,202,612,900,474,571,840,417,638,695,272,113,689,567,315,625,169,762,36
+,688,50,855,92,412,476,87,500,230,556,701,379,436,421,686,765,143,430,853,977,214,744
+,394,549,276,191,27,488,721,552,709,283,0,350,866,585,692,633,324,680,521,677,265,207
+,160,356,456,939,393,144,338,2,14,355,78,237,356,956,179,177,211,933,681,820,108,847
+,530,596,204,791,660,37,122,513,573,587,561,294,417,312,151,531,879,811,406,440,906,732
+,690,65,99,616,210,828,397,407,902,180,345,333,652,258,380,505,529,504,276,738,672,607
+,488,549,375,249,460,895,966,26,907,80,491,158,641,172,430,103,701,144,29,602,894,25
+,805,511,606,548,455,640,825,5,974,841,700,651,441,530,11,135,117,968,916,819,977,282
+,52,890,374,189,672,613,577,723,617,437,754,640,849,38,986,583,766,166,558,449,697,766
+,589,463,530,497,562,292,329,562,330,709,841,191,532,893,783,923,253,703,815,770,755,237
+,825,966,752,580,208,361,630,435,225,245,254,198,766,100,788,698,89,144,862,764,562,949
+,789,149,867,738,476,137,267,765,673,457,438,681,211,76,6,706,600,547,286,874,202,97
+,886,991,872,789,921,674,476,795,313,791,344,891,376,287,149,154,154,864,368,14,910,404
+,15,17,685,70,331,539,271,979,876,899,689,630,615,523,489,632,123,630,465,777,922,473
+,67,725,682,341,794,93,657,29,616,134,512,823,634,700,287,235,770,312,94,56,607,962
+,917,449,590,728,721,108,466,801,871,103,465,673,760,204,857,329,174,362,254,431,467,965
+,123,167,692,571,135,802,502,525,57,63,254,39,595,468,90,565,662,198,213,805,974,123
+,244,792,611,418,103,631,928,930,878,741,499,460,770,141,353,552,7,220,386,417,253,934
+,790,947,878,397,708,114,538,400,88,434,578,165,664,759,363,884,661,612,579,124,407,251
+,264,561,592,29,147,870,927,446,289,362,612,296,489,40,770,463,49,713,532,22,721,385
+,890,488,507,164,733,765,505,20,743,908,109,558,972,630,957,320,285,134,700,636,603,610
+,658,157,161,473,377,456,265,995,159,983,719,167,758,128,271,286,253,442,37,326,473,274
+,605,139,49,915,82,545,928,190,233,320,16,244,259,28,859,369,943,869,959,259,76,704
+,665,368,853,276,308,960,522,836,956,608,904,214,793,161,258,813,149,984,749,832,917,87
+,190,122,48,309,596,47,240,113,856,953,193,642,513,716,877,218,677,66,643,101,459,497
+,268,851,236,86,148,331,424,775,198,496,210,457,267,229,761,489,954,441,642,525,344,893
+,380,117,151,252,61,598,895,680,489,565,33,338,483,152,234,625,157,834,872,587,160,996
+,242,148,614,628,299,64,980,222,909,877,619,58,253,12,256,978,774,275,975,739,380,641
+,218,695,650,743,663,16,282,357,599,663,224,898,9,68,965,617,30,623,854,621,534,155
+,100,172,892,314,212,876,545,451,321,215,405,690,349,166,752,2,928,954,307,542,300,452
+,591,465,281,743,570,814,110,211,951,332,718,134,625,429,179,520,146,188,342,495,559,622
+,600,606,660,703,61,966,963,816,381,950,748,34,217,944,996,673,142,204,415,657,863,98
+,408,238,321,602,952,358,818,385,819,806,791,633,1000,682,4,522,309,51,439,781,181,810
+,270,138,728,702,813,85,967,5,630,554,478,219,988,91,162,632,129,339,4,464,142,553
+,588,682,159,55,148,902,285,265,702,312,257,301,636,393,485,355,122,218,231,325,65,308
+,771,643,763,774,505,944,234,103,882,198,546,165,471,590,817,616,693,656,584,208,324,993
+,891,862,694,0,263,213,643,180,761,967,489,68,358,557,523,617,938,527,251,490,584,366
+,828,320,783,915,290,552,492,887,175,229,583,900,397,72,279,344,264,568,819,20,800,803
+,737,215,177,254,741,531,513,596,594,0,923,149,348,135,914,708,835,492,318,507,447,605
+,952,757,32,781,561,443,465,260,148,400,269,601,860,582,99,143,519,422,568,473,741,750
+,442,363,3,979,700,847,356,799,782,163,367,834,96,827,371,297,139,502,280,610,849,719
+,806,739,160,687,422,540,338,586,711,382,178,489,539,787,671,544,888,616,106,797,793,67
+,151,404,87,934,534,195,362,458,318,279,755,887,482,575,251,219,352,387,898,664,987,102
+,751,830,161,488,977,19,777,550,697,988,867,211,405,408,610,448,236,261,1,260,185,364
+,152,102,858,914,229,398,471,792,531,982,87,809,78,787,881,54,639,167,521,285,639,722
+,756,565,85,578,595,230,878,512,645,547,75,756,667,510,472,868,341,175,622,877,329,248
+,604,223,606,750,999,952,343,749,889,465,105,407,561,144,971,130,127,437,656,153,913,994
+,540,859,512,373,291,504,25,972,326,207,674,130,768,141,548,789,958,727,131,308,625,920
+,290,139,163,848,120,149,286,648,204,356,912,443,563,14,547,168,670,674,861,159,160,336
+,173,735,205,485,462,666,941,213,28,216,79,244,874,25,497,682,595,2,202,116,132,892
+,727,781,54,410,193,746,818,946,494,129,792,825,615,162,309,488,991,175,317,105,946,880
+,225,100,691,571,289,193,910,2,681,600,158,67,798,965,241,791,51,547,237,123,902,900
+,868,444,863,240,400,236,476,635,941,634,821,872,188,89,473,564,421,811,231,753,642,558
+,980,206,961,484,713,517,570,348,243,81,677,141,182,936,436,79,797,231,751,882,819,448
+,626,299,459,1,53,957,851,496,618,776,466,624,697,413,666,805,806,217,882,206,925,108
+,450,43,735,487,918,818,213,692,11,79,461,360,895,714,874,483,259,736,429,479,997,698
+,441,680,802,53,68,775,714,587,211,411,394,591,916,449,457,97,656,659,432,711,302,94
+,133,698,383,471,657,617,163,688,581,75,78,817,183,629,838,78,464,250,117,427,928,693
+,711,328,617,993,873,108,393,484,135,293,613,376,291,555,33,989,608,941,754,628,865,155
+,105,57,495,737,638,684,55,355,199,270,686,280,802,616,897,298,646,706,816,796,202,840
+,726,350,530,244,986,663,280,903,286,940,708,784,414,922,406,316,506,811,886,259,672,952
+,548,284,76,637,886,366,892,948,295,660,448,922,765,357,435,478,351,184,778,931,438,487
+,537,47,164,138,614,607,656,159,159,516,208,431,370,479,218,346,827,804,17,126,35,953
+,350,707,505,639,848,357,988,457,515,490,655,808,428,899,932,918,32,441,748,972,301,788
+,617,230,397,599,791,197,333,776,931,631,84,283,414,731,475,290,248,202,498,118,90,325
+,400,603,980,246,348,132,698,22,34,989,412,196,256,618,480,124,287,333,785,358,670,274
+,703,577,924,889,265,761,763,622,685,115,277,419,441,11,100,320,499,308,259,615,183,188
+,813,678,697,505,610,154,650,83,714,837,463,784,81,265,157,862,216,925,16,238,582,676
+,945,716,111,674,319,502,659,226,363,253,475,569,585,599,822,185,458,361,732,870,86,298
+,613,575,764,693,103,993,609,432,209,967,119,161,225,114,222,754,103,194,76,626,465,106
+,660,861,938,837,455,596,572,640,970,986,204,206,231,347,465,21,701,108,604,349,68,649
+,449,59,774,503,398,750,418,460,938,509,774,184,469,934,303,773,318,22,22,911,166,147
+,919,764,926,122,166,661,430,840,122,787,50,493,710,767,310,141,358,151,919,840,663,975
+,899,276,939,713,271,666,287,800,941,731,390,102,670,716,800,612,663,444,303,985,488,776
